Año,Trimestre,Provincia,ADSL,Cablemodem,Fibra óptica,Wireless,Otros,Total_x,HASTA 512 kbps,+ 512 Kbps - 1 Mbps,+ 1 Mbps - 6 Mbps,+ 6 Mbps - 10 Mbps,+ 10 Mbps - 20 Mbps,+ 20 Mbps - 30 Mbps,+ 30 Mbps,OTROS,Total_y
2022,4,Buenos Aires,326.0,3.0,1.0,130.0,72.0,5.0,28.934,23.347,259866.0,281.55,244.555,98.67,3760109.0,97.634,4794665.0
2022,4,Capital Federal,139.0,1.0,139.0,5.0,32.0,2.0,516.0,5.096,31320.0,64.653,36.336,8.116,1299117.0,106.772,1551926.0
2022,4,Catamarca,9.0,11.0,47.0,1.0,2.0,71.0,71.0,315.0,2716.0,5.028,4.638,3.122,52739.0,2.28,70909.0
2022,4,Chaco,25.0,61.0,47.0,8.0,3.0,144.0,461.0,771.0,16067.0,17.846,6.704,3.039,94866.0,3.909,143663.0
2022,4,Chubut,45.0,74.0,10.0,31.0,9.0,169.0,109.0,1.614,46457.0,31.007,34.728,15.77,19048.0,20.026,168759.0
2022,4,Córdoba,152.0,457.0,367.0,62.0,11.0,1.0,99.0,9.929,143686.0,108.195,63.12,20.691,686330.0,17.61,1049660.0
2022,4,Corrientes,34.0,80.0,27.0,9.0,5.0,155.0,67.0,3.282,22647.0,24.858,7.025,3.77,85806.0,7.998,155453.0
2022,4,Entre Ríos,56.0,136.0,41.0,26.0,13.0,271.0,107.0,4.722,45629.0,46.7,20.927,22.483,130406.0,0.0,270974.0
2022,4,Formosa,14.0,17.0,13.0,18.0,227.0,62.0,84.0,245.0,22458.0,12.391,6.724,310.0,18930.0,698.0,61840.0
2022,4,Jujuy,18.0,52.0,43.0,4.0,1.0,118.0,58.0,1.763,18652.0,14.07,36.43,335.0,46910.0,0.0,118218.0
2022,4,La Pampa,8.0,61.0,25.0,20.0,1.0,114.0,68.0,1.687,52618.0,10.334,9.167,4.479,19783.0,16.028,114164.0
2022,4,La Rioja,6.0,54.0,19.0,6.0,32.0,86.0,18.0,595.0,2531.0,3.01,24.435,5.029,50644.0,0.0,86262.0
2022,4,Mendoza,38.0,78.0,147.0,28.0,2.0,292.0,103.0,2.954,35541.0,20.355,35.935,14.909,161163.0,21.144,292104.0
2022,4,Misiones,33.0,87.0,47.0,11.0,8.0,186.0,51.0,3.51,35622.0,21.373,12.196,3.182,101745.0,8.59,186269.0
2022,4,Neuquén,29.0,73.0,32.0,24.0,4.0,160.0,168.0,994.0,38814.0,13.96,13.008,5.739,85247.0,2.25,160180.0
2022,4,Río Negro,34.0,48.0,44.0,16.0,19.0,162.0,111.0,1.081,32053.0,13.931,20.442,7.335,57495.0,29.644,162092.0
2022,4,Salta,37.0,97.0,53.0,12.0,7.0,206.0,114.0,1.197,31530.0,71.105,5.036,117.0,90014.0,6.747,205860.0
2022,4,San Juan,39.0,23.0,12.0,22.0,8.0,104.0,24.0,2.027,30069.0,11.247,20.44,8.188,19991.0,11.84,103826.0
2022,4,San Luis,6.0,43.0,3.0,82.0,511.0,135.0,60.0,624.0,11785.0,24.684,13.981,78.506,2227.0,3.353,135220.0
2022,4,Santa Cruz,10.0,24.0,12.0,4.0,662.0,50.0,51.0,6.81,11616.0,11.509,10.374,3.236,5559.0,1.048,50203.0
2022,4,Santa Fe,164.0,412.0,249.0,44.0,19.0,888.0,468.0,9.374,115767.0,194.42,73.345,22.899,453078.0,18.34,887691.0
2022,4,Santiago Del Estero,14.0,81.0,15.0,7.0,3.0,119.0,178.0,1.267,26183.0,58.136,17.735,661.0,14345.0,989.0,119494.0
2022,4,Tierra Del Fuego,13.0,41.0,405.0,157.0,651.0,55.0,22.0,902.0,11649.0,13.634,21.365,3.612,1812.0,2.264,55260.0
2022,4,Tucumán,69.0,21.0,169.0,4.0,527.0,263.0,39.0,1.562,29996.0,35.425,26.369,1.375,153538.0,15.118,263422.0
2022,3,Buenos Aires,340.0,3.0,1.0,127.0,70.0,5.0,29.985,27.709,290315.0,297.915,267.044,124.19,3618689.0,65.821,4721668.0
2022,3,Capital Federal,141.0,1.0,129.0,6.0,32.0,2.0,517.0,5.742,34371.0,67.829,51.946,28.692,1253105.0,105.477,1547679.0
2022,3,Catamarca,10.0,10.0,46.0,1.0,2.0,70.0,71.0,384.0,3107.0,5.389,5.099,3.737,50298.0,2.208,70293.0
2022,3,Chaco,27.0,62.0,45.0,8.0,2.0,144.0,461.0,987.0,16782.0,18.938,8.049,15.828,79390.0,3.711,144146.0
2022,3,Chubut,45.0,72.0,10.0,30.0,9.0,166.0,109.0,1.444,45707.0,30.94,34.682,15.309,17563.0,20.024,165778.0
2022,3,Córdoba,164.0,465.0,339.0,61.0,10.0,1.0,99.0,11.312,153324.0,111.615,70.989,27.112,650344.0,13.873,1038668.0
2022,3,Corrientes,37.0,77.0,19.0,7.0,5.0,145.0,67.0,3.865,23427.0,23.948,7.776,21.706,56950.0,7.107,144846.0
2022,3,Entre Ríos,60.0,133.0,37.0,26.0,13.0,269.0,107.0,5.549,47210.0,46.855,18.263,32.021,102195.0,16.759,268959.0
2022,3,Formosa,14.0,26.0,11.0,17.0,212.0,69.0,97.0,307.0,23538.0,19.545,6.194,564.0,17704.0,589.0,68538.0
2022,3,Jujuy,19.0,53.0,40.0,4.0,2.0,119.0,58.0,1.879,19135.0,15.254,36.083,519.0,45895.0,0.0,118823.0
2022,3,La Pampa,8.0,60.0,24.0,20.0,4.0,116.0,68.0,1.887,61540.0,9.653,11.592,5.609,22731.0,3.012,116092.0
2022,3,La Rioja,7.0,54.0,20.0,6.0,31.0,87.0,18.0,689.0,2842.0,3.375,24.219,5.331,50390.0,0.0,86864.0
2022,3,Mendoza,38.0,79.0,143.0,28.0,3.0,290.0,103.0,2.953,44232.0,21.977,48.201,17.243,150043.0,4.771,289523.0
2022,3,Misiones,36.0,89.0,39.0,11.0,8.0,182.0,51.0,3.749,36628.0,20.758,12.676,19.615,80330.0,8.35,182157.0
2022,3,Neuquén,29.0,76.0,29.0,27.0,1.0,163.0,134.0,991.0,38485.0,14.08,9.2,6.7,78713.0,14.858,163161.0
2022,3,Río Negro,36.0,48.0,41.0,17.0,19.0,161.0,111.0,1.221,32936.0,17.86,27.934,13.629,42596.0,24.271,160558.0
2022,3,Salta,40.0,97.0,50.0,10.0,7.0,205.0,114.0,1.49,32923.0,71.199,5.662,1.001,85661.0,6.491,204541.0
2022,3,San Juan,39.0,23.0,12.0,22.0,8.0,103.0,24.0,2.027,30324.0,11.247,22.157,6.78,19221.0,11.619,103399.0
2022,3,San Luis,7.0,29.0,248.0,71.0,15.0,122.0,60.0,307.0,6563.0,20.813,12.061,67.438,13.0,14.815,122070.0
2022,3,Santa Cruz,10.0,24.0,11.0,4.0,582.0,50.0,52.0,6.841,12342.0,11.313,11.378,2.333,4604.0,647.0,49510.0
2022,3,Santa Fe,184.0,426.0,215.0,43.0,20.0,888.0,468.0,11.132,132709.0,198.588,70.897,57.455,396352.0,20.209,887810.0
2022,3,Santiago Del Estero,15.0,81.0,13.0,7.0,3.0,119.0,178.0,1.384,28357.0,58.982,16.087,910.0,12342.0,792.0,119032.0
2022,3,Tierra Del Fuego,13.0,40.0,403.0,125.0,651.0,54.0,22.0,831.0,12002.0,14.815,20.102,1.752,1021.0,3.351,53896.0
2022,3,Tucumán,78.0,19.0,162.0,4.0,519.0,263.0,39.0,2.047,32571.0,39.018,25.214,4.348,159600.0,280.0,263117.0
2022,2,Buenos Aires,351.0,3.0,1.0,127.0,71.0,5.0,30.639,28.323,295238.0,307.554,273.954,129.869,3535757.0,65.849,4667183.0
2022,2,Capital Federal,145.0,1.0,122.0,6.0,32.0,2.0,517.0,5.98,36036.0,72.434,55.372,31.571,1229254.0,105.607,1536771.0
2022,2,Catamarca,12.0,9.0,42.0,1.0,2.0,67.0,71.0,413.0,3678.0,6.155,7.165,3.393,43926.0,2.207,67008.0
2022,2,Chaco,30.0,61.0,42.0,8.0,2.0,144.0,461.0,1.047,17603.0,20.109,8.391,15.974,76271.0,3.708,143564.0
2022,2,Chubut,45.0,69.0,10.0,30.0,9.0,163.0,109.0,1.444,45804.0,31.217,34.29,14.526,15394.0,20.021,162805.0
2022,2,Córdoba,179.0,468.0,309.0,61.0,10.0,1.0,99.0,11.971,160486.0,120.485,71.923,28.645,619400.0,13.426,1026435.0
2022,2,Corrientes,38.0,76.0,18.0,7.0,5.0,145.0,67.0,3.937,24253.0,24.842,8.001,21.719,55071.0,7.107,144997.0
2022,2,Entre Ríos,64.0,131.0,36.0,26.0,13.0,269.0,107.0,5.656,48637.0,48.557,18.512,32.355,98769.0,16.759,269352.0
2022,2,Formosa,15.0,25.0,10.0,17.0,212.0,68.0,97.0,407.0,23834.0,19.706,6.33,591.0,16326.0,590.0,67881.0
2022,2,Jujuy,20.0,54.0,34.0,4.0,2.0,115.0,58.0,1.829,19458.0,15.79,37.786,549.0,37391.0,2.453,115314.0
2022,2,La Pampa,8.0,59.0,23.0,20.0,1.0,112.0,68.0,1.887,62546.0,9.842,11.8,5.247,17125.0,3.012,111527.0
2022,2,La Rioja,8.0,53.0,19.0,6.0,31.0,86.0,18.0,728.0,3179.0,3.89,23.814,5.481,48920.0,0.0,86030.0
2022,2,Mendoza,38.0,78.0,136.0,27.0,2.0,280.0,103.0,2.954,44961.0,22.557,64.138,19.543,121366.0,3.94,279562.0
2022,2,Misiones,37.0,89.0,34.0,11.0,8.0,179.0,51.0,3.808,37254.0,21.712,12.774,19.757,75107.0,8.35,178813.0
2022,2,Neuquén,30.0,75.0,29.0,27.0,1.0,162.0,134.0,999.0,38826.0,15.066,9.205,2.039,76982.0,18.717,161968.0
2022,2,Río Negro,36.0,47.0,41.0,17.0,19.0,160.0,111.0,1.227,33364.0,17.938,27.168,13.714,41972.0,24.27,159764.0
2022,2,Salta,43.0,96.0,47.0,10.0,7.0,203.0,114.0,1.53,33732.0,72.661,6.012,1.156,81478.0,6.494,203177.0
2022,2,San Juan,39.0,20.0,12.0,22.0,8.0,100.0,24.0,2.027,30385.0,11.276,24.649,3.728,16701.0,11.617,100407.0
2022,2,San Luis,7.0,29.0,248.0,71.0,15.0,122.0,60.0,306.0,6840.0,21.217,11.052,67.438,13.0,14.815,121741.0
2022,2,Santa Cruz,10.0,24.0,11.0,4.0,579.0,49.0,52.0,6.841,12348.0,11.369,11.885,2.454,3592.0,644.0,49185.0
2022,2,Santa Fe,198.0,428.0,190.0,43.0,20.0,879.0,468.0,11.757,138534.0,204.381,74.133,58.114,373888.0,17.584,878859.0
2022,2,Santiago Del Estero,17.0,80.0,12.0,7.0,3.0,118.0,178.0,1.401,29581.0,59.931,14.606,883.0,10672.0,792.0,118044.0
2022,2,Tierra Del Fuego,13.0,40.0,403.0,125.0,651.0,54.0,22.0,831.0,12052.0,14.828,19.968,1.712,1006.0,3.351,53770.0
2022,2,Tucumán,86.0,15.0,149.0,4.0,487.0,255.0,39.0,2.195,34461.0,43.513,23.634,4.863,145541.0,281.0,254527.0
2022,1,Buenos Aires,392.0,3.0,1.0,126.0,67.0,5.0,31.591,30.056,313382.0,321.756,290.127,161.183,3381049.0,26.28,4555424.0
2022,1,Capital Federal,102.0,1.0,62.0,6.0,30.0,1.0,527.0,5.575,39918.0,77.39,61.053,43.289,1188072.0,1.717,1417541.0
2022,1,Catamarca,14.0,16.0,29.0,1.0,2.0,62.0,71.0,456.0,4386.0,7.009,8.773,3.761,35715.0,2.207,62378.0
2022,1,Chaco,32.0,65.0,37.0,8.0,2.0,144.0,461.0,1.099,16888.0,21.235,20.898,13.012,62946.0,7.58,144119.0
2022,1,Chubut,44.0,67.0,9.0,31.0,21.0,172.0,113.0,1.677,61369.0,31.856,33.08,13.871,14055.0,15.607,171628.0
2022,1,Córdoba,196.0,502.0,236.0,61.0,10.0,1.0,100.0,12.782,165922.0,126.009,73.967,34.892,577027.0,13.104,1003803.0
2022,1,Corrientes,40.0,79.0,11.0,7.0,5.0,143.0,67.0,4.029,24563.0,25.665,27.077,10.452,43631.0,7.094,142578.0
2022,1,Entre Ríos,67.0,139.0,23.0,26.0,13.0,268.0,107.0,5.745,50075.0,49.62,42.294,21.578,81757.0,16.75,267926.0
2022,1,Formosa,16.0,16.0,5.0,17.0,202.0,55.0,97.0,448.0,24113.0,6.945,6.613,716.0,15028.0,588.0,54548.0
2022,1,Jujuy,21.0,61.0,26.0,5.0,4.0,117.0,58.0,1.761,22141.0,16.321,37.923,576.0,35287.0,2.442,116509.0
2022,1,La Pampa,8.0,59.0,22.0,20.0,1.0,110.0,301.0,2.223,62812.0,9.869,12.044,5.25,14400.0,2.833,109732.0
2022,1,La Rioja,9.0,59.0,10.0,6.0,31.0,84.0,18.0,778.0,3576.0,4.692,23.624,5.645,45970.0,0.0,84303.0
2022,1,Mendoza,49.0,74.0,123.0,27.0,1.0,275.0,114.0,3.355,51230.0,26.407,74.178,21.566,95048.0,3.287,275185.0
2022,1,Misiones,39.0,92.0,25.0,8.0,8.0,172.0,51.0,3.873,35655.0,22.261,26.855,15.854,58610.0,8.349,171508.0
2022,1,Neuquén,28.0,73.0,24.0,23.0,745.0,150.0,137.0,1.123,39856.0,15.623,11.163,2.654,71238.0,7.885,149679.0
2022,1,Río Negro,39.0,45.0,38.0,17.0,18.0,157.0,116.0,1.383,35565.0,18.859,26.926,14.144,37729.0,22.652,157374.0
2022,1,Salta,45.0,99.0,41.0,6.0,7.0,198.0,114.0,1.725,35576.0,68.246,6.313,2.214,76838.0,6.489,197515.0
2022,1,San Juan,34.0,14.0,11.0,21.0,8.0,88.0,26.0,2.269,32356.0,11.914,25.144,2.088,11916.0,2.465,88178.0
2022,1,San Luis,8.0,11.0,31.0,72.0,29.0,120.0,61.0,643.0,8287.0,3.837,9.802,68.612,13.0,28.589,119844.0
2022,1,Santa Cruz,11.0,23.0,11.0,4.0,405.0,49.0,51.0,6.898,12710.0,11.502,12.277,2.628,2551.0,485.0,49102.0
2022,1,Santa Fe,213.0,445.0,147.0,45.0,21.0,870.0,468.0,12.435,143796.0,208.361,84.787,58.018,344170.0,18.444,870479.0
2022,1,Santiago Del Estero,18.0,88.0,1.0,6.0,3.0,116.0,178.0,1.401,30220.0,61.17,13.542,849.0,8309.0,792.0,116461.0
2022,1,Tierra Del Fuego,13.0,39.0,416.0,124.0,340.0,53.0,24.0,894.0,12849.0,15.64,18.034,1.767,982.0,2.421,52611.0
2022,1,Tucumán,93.0,62.0,86.0,4.0,487.0,246.0,39.0,2.212,36028.0,46.961,21.014,5.211,133846.0,273.0,245584.0
2021,4,Buenos Aires,426.0,3.0,1.0,127.0,73.0,5.0,37.821,11.026,352950.0,331.292,297.296,196.021,3259793.0,22.958,4509157.0
2021,4,Capital Federal,111.0,1.0,60.0,6.0,30.0,1.0,563.0,1.695,47133.0,81.899,66.135,66.755,1147939.0,0.0,1412119.0
2021,4,Catamarca,16.0,14.0,25.0,2.0,2.0,59.0,71.0,0.0,6038.0,7.855,9.804,3.262,29827.0,2.233,59090.0
2021,4,Chaco,36.0,63.0,35.0,8.0,2.0,144.0,461.0,112.0,18845.0,22.678,21.937,13.692,58435.0,7.585,143745.0
2021,4,Chubut,46.0,57.0,10.0,28.0,19.0,160.0,126.0,1.294,63698.0,39.568,31.175,5.78,2904.0,15.763,160308.0
2021,4,Córdoba,212.0,487.0,217.0,61.0,9.0,987.0,100.0,2.479,184548.0,130.892,76.246,41.198,538700.0,12.607,986770.0
2021,4,Corrientes,43.0,71.0,10.0,7.0,5.0,136.0,67.0,645.0,28830.0,26.368,22.922,10.087,39911.0,7.082,135912.0
2021,4,Entre Ríos,70.0,133.0,23.0,25.0,13.0,265.0,107.0,3.024,56043.0,49.636,38.295,24.068,77290.0,16.583,265046.0
2021,4,Formosa,17.0,15.0,5.0,16.0,172.0,54.0,84.0,0.0,22908.0,6.983,6.811,1.135,13775.0,1.967,53663.0
2021,4,Jujuy,22.0,61.0,24.0,3.0,4.0,114.0,58.0,175.0,22446.0,16.793,38.134,564.0,33421.0,2.324,113915.0
2021,4,La Pampa,8.0,58.0,20.0,19.0,1.0,107.0,301.0,493.0,64840.0,9.082,12.259,4.821,12184.0,3.027,107007.0
2021,4,La Rioja,10.0,57.0,9.0,7.0,31.0,83.0,18.0,1.0,5018.0,5.437,23.559,5.671,43424.0,0.0,83128.0
2021,4,Mendoza,60.0,72.0,110.0,25.0,2.0,268.0,156.0,1.463,66428.0,30.308,75.214,18.621,75031.0,366.0,267587.0
2021,4,Misiones,42.0,92.0,22.0,8.0,8.0,171.0,51.0,5.0,41916.0,23.554,26.721,15.954,54596.0,8.335,171132.0
2021,4,Neuquén,29.0,73.0,23.0,22.0,746.0,147.0,140.0,940.0,42313.0,13.264,10.515,3.31,69217.0,7.767,147466.0
2021,4,Río Negro,42.0,44.0,32.0,17.0,18.0,154.0,156.0,1.174,38373.0,19.878,31.255,4.13,36142.0,22.645,153753.0
2021,4,Salta,47.0,100.0,40.0,6.0,7.0,199.0,114.0,20.0,40673.0,69.324,6.642,3.535,72622.0,6.475,199405.0
2021,4,San Juan,36.0,13.0,11.0,11.0,8.0,80.0,44.0,1.442,28906.0,10.955,23.978,398.0,9800.0,4.435,79958.0
2021,4,San Luis,8.0,11.0,30.0,71.0,29.0,119.0,62.0,264.0,8550.0,4.276,9.107,67.363,9.0,29.218,118849.0
2021,4,Santa Cruz,11.0,23.0,10.0,4.0,417.0,48.0,52.0,297.0,20305.0,11.641,13.054,1.77,876.0,491.0,48486.0
2021,4,Santa Fe,233.0,444.0,129.0,44.0,16.0,866.0,467.0,581.0,169706.0,206.856,85.69,62.349,322015.0,18.777,866441.0
2021,4,Santiago Del Estero,19.0,87.0,1.0,6.0,3.0,116.0,178.0,909.0,31915.0,61.524,12.205,800.0,7537.0,793.0,115861.0
2021,4,Tierra Del Fuego,13.0,38.0,426.0,124.0,342.0,52.0,26.0,385.0,13505.0,16.534,16.562,1.748,1017.0,2.58,52357.0
2021,4,Tucumán,98.0,59.0,79.0,3.0,486.0,239.0,39.0,97.0,37321.0,48.736,21.023,5.326,125857.0,240.0,238639.0
2021,3,Buenos Aires,586.0,3.0,886.0,120.0,65.0,4.0,37.193,31.149,1108940.0,248.153,141.383,192.797,2482266.0,9.728,4251609.0
2021,3,Capital Federal,143.0,1.0,43.0,6.0,29.0,1.0,295.0,603.0,156978.0,67.013,39.785,73.502,1075229.0,0.0,1413405.0
2021,3,Catamarca,18.0,12.0,22.0,2.0,2.0,56.0,71.0,0.0,6755.0,8.428,10.517,1.659,26618.0,2.206,56254.0
2021,3,Chaco,38.0,64.0,28.0,8.0,2.0,140.0,301.0,112.0,22545.0,20.986,23.852,14.412,49705.0,7.958,139871.0
2021,3,Chubut,49.0,56.0,9.0,23.0,19.0,156.0,104.0,105.0,89168.0,26.281,18.538,5.32,1643.0,14.907,156066.0
2021,3,Córdoba,229.0,477.0,167.0,58.0,15.0,947.0,99.0,2.452,204989.0,141.285,65.05,47.198,476459.0,9.256,946788.0
2021,3,Corrientes,45.0,69.0,8.0,7.0,5.0,134.0,67.0,645.0,29629.0,28.478,24.792,9.687,35468.0,5.053,133819.0
2021,3,Entre Ríos,74.0,129.0,20.0,24.0,13.0,260.0,107.0,3.024,61354.0,59.776,39.114,16.284,67961.0,12.755,260375.0
2021,3,Formosa,18.0,14.0,5.0,16.0,171.0,53.0,381.0,0.0,22778.0,7.142,6.978,1.192,12707.0,1.617,52795.0
2021,3,Jujuy,24.0,61.0,20.0,3.0,4.0,111.0,48.0,175.0,23884.0,16.417,37.755,561.0,29917.0,2.401,111158.0
2021,3,La Pampa,9.0,58.0,18.0,14.0,1.0,100.0,298.0,313.0,65063.0,7.395,8.737,4.023,10506.0,4.152,100487.0
2021,3,La Rioja,11.0,55.0,9.0,7.0,30.0,82.0,18.0,1.0,5366.0,5.979,23.315,4.868,42613.0,0.0,82160.0
2021,3,Mendoza,91.0,71.0,71.0,22.0,828.0,256.0,36.0,31.0,151871.0,12.64,62.628,7.596,21087.0,50.0,255939.0
2021,3,Misiones,43.0,89.0,11.0,7.0,8.0,159.0,51.0,5.0,41932.0,25.099,26.079,14.792,42291.0,8.279,158528.0
2021,3,Neuquén,30.0,74.0,16.0,19.0,640.0,140.0,112.0,327.0,57441.0,8.566,6.234,3.631,57919.0,5.579,139809.0
2021,3,Río Negro,48.0,45.0,19.0,15.0,18.0,145.0,125.0,557.0,68991.0,3.73,14.88,2.282,34011.0,20.009,144585.0
2021,3,Salta,49.0,98.0,36.0,6.0,6.0,196.0,101.0,20.0,41431.0,70.104,6.962,3.878,67010.0,6.327,195833.0
2021,3,San Juan,40.0,13.0,7.0,11.0,8.0,79.0,18.0,333.0,59873.0,752.0,13.25,338.0,278.0,4.641,79483.0
2021,3,San Luis,8.0,12.0,27.0,69.0,29.0,118.0,60.0,0.0,11552.0,2.405,6.491,67.942,22.0,29.392,117864.0
2021,3,Santa Cruz,12.0,23.0,6.0,4.0,3.0,49.0,50.0,0.0,30561.0,8.365,6.799,1.788,678.0,735.0,48976.0
2021,3,Santa Fe,246.0,443.0,93.0,43.0,16.0,842.0,467.0,579.0,193207.0,201.25,83.941,55.08,290793.0,16.267,841584.0
2021,3,Santiago Del Estero,20.0,86.0,909.0,6.0,3.0,115.0,123.0,909.0,32752.0,61.838,11.274,801.0,6863.0,898.0,115458.0
2021,3,Tierra Del Fuego,13.0,37.0,6.0,16.0,390.0,50.0,17.0,0.0,23723.0,13.397,9.782,1.433,976.0,895.0,50223.0
2021,3,Tucumán,104.0,54.0,71.0,2.0,743.0,232.0,32.0,97.0,39446.0,50.293,21.986,5.3,115154.0,164.0,232472.0
2021,2,Buenos Aires,603.0,3.0,854.0,114.0,58.0,4.0,37.192,31.178,1096049.0,244.001,140.322,236.897,2337604.0,9.108,4132351.0
2021,2,Capital Federal,149.0,1.0,41.0,6.0,29.0,1.0,294.0,603.0,157558.0,73.568,43.859,86.655,1037752.0,66.0,1400355.0
2021,2,Catamarca,20.0,9.0,22.0,1.0,2.0,56.0,71.0,0.0,7219.0,9.091,6.828,4.941,25388.0,2.206,55744.0
2021,2,Chaco,40.0,63.0,28.0,8.0,2.0,141.0,301.0,112.0,23444.0,21.574,24.032,16.069,47239.0,7.958,140729.0
2021,2,Chubut,49.0,41.0,6.0,24.0,19.0,139.0,104.0,105.0,89639.0,22.605,16.604,3.896,1112.0,5.172,139237.0
2021,2,Córdoba,240.0,468.0,152.0,56.0,16.0,931.0,99.0,2.452,201757.0,136.516,66.95,70.824,442357.0,9.925,930880.0
2021,2,Corrientes,47.0,67.0,4.0,7.0,5.0,130.0,67.0,645.0,29419.0,27.037,24.524,10.059,32697.0,5.053,129501.0
2021,2,Entre Ríos,78.0,125.0,18.0,24.0,13.0,258.0,107.0,3.024,63518.0,55.349,39.468,18.484,61605.0,16.077,257632.0
2021,2,Formosa,20.0,13.0,4.0,16.0,171.0,52.0,381.0,0.0,22364.0,7.31,7.46,1.341,11077.0,1.618,51551.0
2021,2,Jujuy,25.0,61.0,20.0,3.0,4.0,112.0,48.0,175.0,24182.0,16.577,37.908,607.0,29950.0,2.401,111848.0
2021,2,La Pampa,9.0,57.0,17.0,13.0,1.0,98.0,298.0,554.0,64146.0,7.769,8.128,3.399,9311.0,4.062,97667.0
2021,2,La Rioja,12.0,54.0,9.0,6.0,30.0,82.0,18.0,1.0,5312.0,5.971,23.298,4.825,42158.0,19.0,81602.0
2021,2,Mendoza,92.0,71.0,45.0,22.0,827.0,230.0,36.0,31.0,137462.0,10.886,56.117,4.403,20686.0,50.0,229671.0
2021,2,Misiones,45.0,88.0,10.0,5.0,8.0,156.0,51.0,5.0,41643.0,25.907,25.811,16.172,38308.0,8.279,156176.0
2021,2,Neuquén,30.0,73.0,16.0,19.0,640.0,138.0,112.0,327.0,57713.0,8.631,5.871,5.943,54008.0,5.645,138250.0
2021,2,Río Negro,48.0,44.0,19.0,15.0,18.0,144.0,125.0,557.0,69356.0,3.663,15.019,3.867,31488.0,20.009,144084.0
2021,2,Salta,51.0,96.0,32.0,6.0,6.0,192.0,101.0,20.0,42543.0,67.012,7.099,9.654,58882.0,6.328,191639.0
2021,2,San Juan,40.0,12.0,7.0,11.0,8.0,79.0,18.0,333.0,59989.0,784.0,12.55,340.0,278.0,4.641,78933.0
2021,2,San Luis,8.0,11.0,28.0,67.0,36.0,123.0,60.0,0.0,11752.0,2.703,5.418,65.946,22.0,36.917,122818.0
2021,2,Santa Cruz,12.0,23.0,6.0,4.0,3.0,49.0,50.0,0.0,30595.0,8.463,6.888,1.575,676.0,735.0,48982.0
2021,2,Santa Fe,257.0,432.0,90.0,44.0,18.0,841.0,467.0,896.0,202018.0,204.077,80.452,75.195,262124.0,15.371,840600.0
2021,2,Santiago Del Estero,21.0,84.0,909.0,5.0,4.0,114.0,123.0,909.0,32034.0,62.224,10.359,811.0,6064.0,1.566,114090.0
2021,2,Tierra Del Fuego,13.0,23.0,6.0,14.0,316.0,36.0,17.0,0.0,21335.0,6.913,4.58,476.0,889.0,1.483,35693.0
2021,2,Tucumán,110.0,48.0,72.0,2.0,743.0,233.0,32.0,97.0,40224.0,51.648,23.732,5.022,109616.0,2.68,233051.0
2021,1,Buenos Aires,630.0,2.0,822.0,99.0,58.0,4.0,36.939,31.187,1108368.0,240.52,163.747,222.061,2246313.0,10.867,4060002.0
2021,1,Capital Federal,160.0,1.0,40.0,6.0,29.0,1.0,135.0,244.0,159662.0,76.753,56.457,83.255,1003041.0,126.0,1379673.0
2021,1,Catamarca,26.0,4.0,19.0,322.0,2.0,52.0,71.0,0.0,7423.0,8.455,10.115,712.0,22996.0,2.196,51968.0
2021,1,Chaco,43.0,61.0,25.0,8.0,2.0,140.0,301.0,112.0,24357.0,22.102,27.556,14.496,42462.0,8.384,139770.0
2021,1,Chubut,46.0,41.0,3.0,24.0,19.0,132.0,106.0,109.0,86986.0,21.401,15.392,2.844,1112.0,4.39,132340.0
2021,1,Córdoba,260.0,445.0,135.0,54.0,17.0,911.0,93.0,2.386,211799.0,135.092,74.659,71.984,402191.0,12.677,910881.0
2021,1,Corrientes,49.0,63.0,3.0,6.0,5.0,127.0,67.0,527.0,31544.0,26.223,26.169,9.001,27641.0,5.453,126625.0
2021,1,Entre Ríos,84.0,118.0,17.0,21.0,12.0,252.0,105.0,2.911,67255.0,56.06,42.432,15.774,54600.0,12.826,251963.0
2021,1,Formosa,21.0,11.0,3.0,16.0,380.0,51.0,56.0,0.0,22409.0,7.569,7.916,1.215,9579.0,1.942,50686.0
2021,1,Jujuy,32.0,54.0,17.0,3.0,4.0,110.0,49.0,175.0,23735.0,17.293,40.649,568.0,25609.0,2.378,110456.0
2021,1,La Pampa,9.0,59.0,16.0,12.0,1.0,97.0,298.0,554.0,68200.0,7.864,7.611,2.786,7368.0,2.424,97105.0
2021,1,La Rioja,17.0,35.0,1.0,250.0,30.0,53.0,18.0,1.0,36749.0,5.968,4.604,215.0,5074.0,-1.0,52628.0
2021,1,Mendoza,92.0,69.0,39.0,18.0,833.0,219.0,28.0,40.0,134386.0,11.216,52.533,4.061,16615.0,44.0,218923.0
2021,1,Misiones,48.0,82.0,7.0,5.0,7.0,149.0,51.0,524.0,40949.0,25.503,27.101,14.05,32953.0,8.256,149387.0
2021,1,Neuquén,30.0,70.0,14.0,18.0,632.0,133.0,116.0,327.0,56171.0,8.443,5.903,5.677,50840.0,5.758,133235.0
2021,1,Río Negro,49.0,42.0,18.0,14.0,18.0,141.0,125.0,466.0,70011.0,4.187,13.045,3.642,29589.0,20.103,141168.0
2021,1,Salta,55.0,89.0,31.0,6.0,6.0,188.0,109.0,20.0,40785.0,68.149,9.164,8.139,54889.0,6.319,187574.0
2021,1,San Juan,40.0,12.0,7.0,11.0,8.0,78.0,25.0,194.0,60439.0,858.0,11.494,340.0,276.0,4.641,78267.0
2021,1,San Luis,8.0,11.0,28.0,64.0,36.0,119.0,58.0,0.0,11889.0,2.926,4.429,62.913,22.0,36.917,119154.0
2021,1,Santa Cruz,12.0,23.0,6.0,4.0,390.0,46.0,50.0,0.0,30655.0,8.334,6.987,1.337,647.0,-1.945,46065.0
2021,1,Santa Fe,277.0,421.0,71.0,39.0,18.0,826.0,518.0,891.0,201632.0,204.458,91.846,65.476,236924.0,24.382,826127.0
2021,1,Santiago Del Estero,26.0,76.0,570.0,5.0,4.0,112.0,123.0,909.0,33884.0,58.464,8.549,700.0,4868.0,4.144,111641.0
2021,1,Tierra Del Fuego,13.0,27.0,6.0,0.0,316.0,40.0,17.0,0.0,21379.0,1.468,4.317,486.0,919.0,11.836,40422.0
2021,1,Tucumán,147.0,12.0,70.0,2.0,740.0,232.0,29.0,97.0,42810.0,53.416,25.255,4.188,103437.0,2.68,231912.0
2020,4,Buenos Aires,636.0,2.0,805.0,93.0,58.0,4.0,36.939,31.197,1109865.0,242.243,214.171,213.588,2176242.0,9.016,4033261.0
2020,4,Capital Federal,163.0,1.0,40.0,5.0,29.0,1.0,135.0,244.0,160210.0,78.123,60.208,80.269,1000073.0,268.0,1379530.0
2020,4,Catamarca,27.0,5.0,18.0,322.0,2.0,52.0,71.0,0.0,8843.0,8.74,11.436,591.0,20406.0,2.309,52396.0
2020,4,Chaco,44.0,61.0,24.0,8.0,2.0,139.0,301.0,112.0,24782.0,22.479,26.802,15.701,40949.0,7.965,139091.0
2020,4,Chubut,46.0,40.0,3.0,23.0,19.0,131.0,106.0,109.0,88157.0,21.824,12.046,2.818,1112.0,4.402,130574.0
2020,4,Córdoba,267.0,439.0,126.0,53.0,18.0,903.0,119.0,2.386,214963.0,135.262,82.221,70.013,384169.0,13.568,902701.0
2020,4,Corrientes,50.0,61.0,3.0,6.0,5.0,126.0,67.0,527.0,31900.0,26.321,25.687,9.383,26789.0,4.985,125659.0
2020,4,Entre Ríos,86.0,114.0,16.0,20.0,12.0,247.0,105.0,2.911,65659.0,53.556,40.755,16.6,53141.0,14.654,247381.0
2020,4,Formosa,21.0,11.0,2.0,15.0,380.0,50.0,56.0,0.0,23540.0,7.606,7.181,1.197,8946.0,1.68,50206.0
2020,4,Jujuy,33.0,53.0,16.0,1.0,3.0,106.0,49.0,182.0,23772.0,14.379,44.93,446.0,19282.0,2.811,105851.0
2020,4,La Pampa,9.0,59.0,15.0,12.0,1.0,97.0,298.0,554.0,70184.0,8.124,6.562,2.396,6257.0,2.52,96895.0
2020,4,La Rioja,18.0,35.0,1.0,250.0,30.0,53.0,18.0,1.0,36906.0,6.06,4.633,181.0,4979.0,0.0,52778.0
2020,4,Mendoza,92.0,68.0,36.0,18.0,833.0,215.0,28.0,40.0,146312.0,11.172,40.396,3.378,11557.0,2.57,215453.0
2020,4,Misiones,49.0,80.0,7.0,4.0,7.0,147.0,51.0,524.0,39988.0,26.078,26.445,14.81,32264.0,7.001,147161.0
2020,4,Neuquén,30.0,71.0,14.0,18.0,632.0,133.0,116.0,327.0,56434.0,8.478,5.791,5.493,50776.0,5.72,133135.0
2020,4,Río Negro,49.0,42.0,18.0,14.0,18.0,141.0,125.0,466.0,70305.0,4.153,13.131,3.512,29372.0,20.146,141210.0
2020,4,Salta,57.0,88.0,31.0,6.0,6.0,187.0,109.0,514.0,41443.0,68.829,15.188,8.291,46697.0,6.319,187390.0
2020,4,San Juan,40.0,7.0,7.0,10.0,8.0,73.0,25.0,194.0,61316.0,740.0,5.126,332.0,275.0,4.588,72596.0
2020,4,San Luis,8.0,12.0,27.0,63.0,36.0,119.0,58.0,0.0,14020.0,3.49,2.688,62.239,22.0,36.918,119435.0
2020,4,Santa Cruz,12.0,20.0,1.0,5.0,3.0,41.0,47.0,0.0,27173.0,4.382,6.634,1.033,647.0,758.0,40674.0
2020,4,Santa Fe,287.0,415.0,63.0,39.0,17.0,821.0,518.0,891.0,206372.0,203.793,94.246,65.145,226246.0,23.602,820813.0
2020,4,Santiago Del Estero,27.0,71.0,570.0,5.0,4.0,107.0,123.0,909.0,34518.0,57.59,4.666,411.0,4520.0,3.932,106669.0
2020,4,Tierra Del Fuego,13.0,26.0,6.0,0.0,316.0,40.0,17.0,0.0,21881.0,6.119,3.497,488.0,922.0,6.69,39614.0
2020,4,Tucumán,149.0,11.0,68.0,2.0,740.0,231.0,29.0,97.0,44095.0,54.334,32.155,4.105,93594.0,2.68,231089.0
2020,3,Buenos Aires,654.0,2.0,749.0,94.0,56.0,4.0,37.542,31.514,1113823.0,234.71,219.772,194.248,2085815.0,19.853,3937277.0
2020,3,Capital Federal,170.0,1.0,39.0,4.0,29.0,1.0,264.0,312.0,162222.0,85.083,68.753,78.028,977766.0,247.0,1372675.0
2020,3,Catamarca,27.0,4.0,17.0,261.0,2.0,50.0,63.0,0.0,8276.0,8.768,11.195,562.0,18886.0,2.154,49904.0
2020,3,Chaco,46.0,59.0,21.0,7.0,2.0,134.0,308.0,112.0,24675.0,21.639,27.546,13.751,38729.0,7.194,133954.0
2020,3,Chubut,46.0,39.0,3.0,23.0,19.0,130.0,158.0,109.0,87559.0,22.114,12.217,2.818,1110.0,3.942,130027.0
2020,3,Córdoba,276.0,431.0,102.0,48.0,10.0,867.0,168.0,3.064,218599.0,124.833,84.236,63.823,361021.0,11.728,867472.0
2020,3,Corrientes,51.0,59.0,3.0,6.0,5.0,123.0,72.0,527.0,35190.0,23.315,25.308,8.615,25344.0,5.02,123391.0
2020,3,Entre Ríos,88.0,107.0,14.0,20.0,12.0,241.0,130.0,2.911,66648.0,51.478,40.797,14.377,49395.0,15.759,241495.0
2020,3,Formosa,22.0,10.0,2.0,15.0,393.0,49.0,391.0,151.0,23163.0,7.432,7.125,991.0,8219.0,1.737,49209.0
2020,3,Jujuy,33.0,58.0,11.0,952.0,4.0,107.0,55.0,182.0,32131.0,10.566,45.198,293.0,15238.0,3.065,106728.0
2020,3,La Pampa,9.0,57.0,15.0,12.0,1.0,94.0,293.0,810.0,66695.0,7.82,5.577,2.189,6322.0,4.029,93735.0
2020,3,La Rioja,17.0,35.0,1.0,250.0,35.0,53.0,21.0,1.0,37105.0,5.955,4.66,124.0,4748.0,2.0,52616.0
2020,3,Mendoza,92.0,65.0,33.0,18.0,868.0,208.0,58.0,40.0,141404.0,12.123,42.433,3.448,8237.0,45.0,207788.0
2020,3,Misiones,50.0,78.0,3.0,3.0,9.0,143.0,71.0,524.0,39005.0,24.215,25.942,13.663,30987.0,8.779,143186.0
2020,3,Neuquén,30.0,70.0,11.0,17.0,737.0,129.0,218.0,327.0,60463.0,6.561,5.975,5.449,49439.0,803.0,129235.0
2020,3,Río Negro,50.0,40.0,10.0,13.0,18.0,131.0,114.0,466.0,68986.0,3.769,7.096,3.455,28488.0,19.093,131467.0
2020,3,Salta,58.0,84.0,25.0,6.0,7.0,181.0,129.0,514.0,32780.0,64.736,15.99,7.928,43773.0,14.996,180846.0
2020,3,San Juan,40.0,9.0,6.0,14.0,8.0,77.0,48.0,194.0,65526.0,711.0,6.529,41.0,128.0,4.15,77327.0
2020,3,San Luis,8.0,10.0,6.0,62.0,36.0,117.0,105.0,0.0,12199.0,3.351,2.666,61.319,8.0,36.917,116565.0
2020,3,Santa Cruz,13.0,16.0,1.0,7.0,2.0,39.0,66.0,0.0,26888.0,4.015,6.73,629.0,120.0,833.0,39281.0
2020,3,Santa Fe,295.0,406.0,46.0,37.0,19.0,803.0,568.0,1.241,213353.0,199.381,92.095,58.797,210562.0,27.001,802998.0
2020,3,Santiago Del Estero,26.0,71.0,555.0,4.0,4.0,105.0,133.0,909.0,33287.0,57.418,4.658,292.0,3994.0,4.801,105492.0
2020,3,Tierra Del Fuego,13.0,26.0,0.0,0.0,310.0,40.0,11.0,0.0,22094.0,5.414,3.726,481.0,937.0,6.992,39655.0
2020,3,Tucumán,150.0,12.0,60.0,2.0,762.0,224.0,52.0,97.0,45913.0,54.61,33.126,3.246,84195.0,2.637,223876.0
2020,2,Buenos Aires,661.0,2.0,723.0,92.0,57.0,4.0,37.542,31.606,1129236.0,241.336,233.132,188.995,1894466.0,21.233,3777546.0
2020,2,Capital Federal,179.0,1.0,39.0,4.0,29.0,1.0,264.0,312.0,166474.0,94.585,79.858,80.16,935481.0,687.0,1357821.0
2020,2,Catamarca,27.0,4.0,15.0,261.0,2.0,48.0,63.0,0.0,8801.0,8.69,10.242,426.0,16578.0,3.176,47976.0
2020,2,Chaco,47.0,56.0,17.0,6.0,2.0,128.0,308.0,928.0,24350.0,21.14,29.044,12.082,33311.0,6.969,128132.0
2020,2,Chubut,46.0,38.0,1.0,18.0,6.0,109.0,158.0,109.0,69578.0,22.188,10.537,1.473,614.0,3.999,108656.0
2020,2,Córdoba,283.0,415.0,86.0,45.0,8.0,836.0,168.0,4.383,219025.0,125.932,89.53,63.216,325243.0,8.971,836468.0
2020,2,Corrientes,51.0,56.0,3.0,4.0,5.0,119.0,72.0,527.0,34242.0,22.845,25.844,7.898,22418.0,5.02,118866.0
2020,2,Entre Ríos,89.0,99.0,14.0,20.0,11.0,234.0,130.0,3.679,66758.0,50.64,42.09,12.856,43391.0,14.569,234113.0
2020,2,Formosa,22.0,9.0,2.0,15.0,169.0,48.0,391.0,151.0,23534.0,7.109,6.998,961.0,7475.0,1.313,47932.0
2020,2,Jujuy,33.0,39.0,5.0,952.0,17.0,94.0,55.0,182.0,30548.0,10.519,26.829,209.0,9417.0,16.557,94316.0
2020,2,La Pampa,9.0,54.0,14.0,11.0,1.0,90.0,293.0,810.0,71218.0,7.531,3.8,1.657,3377.0,1.123,89809.0
2020,2,La Rioja,17.0,35.0,1.0,250.0,35.0,52.0,21.0,1.0,37375.0,5.661,4.686,73.0,4336.0,2.0,52155.0
2020,2,Mendoza,92.0,63.0,30.0,16.0,802.0,201.0,58.0,40.0,142253.0,12.439,35.274,3.248,5422.0,2.45,201184.0
2020,2,Misiones,51.0,74.0,3.0,3.0,9.0,140.0,71.0,524.0,39867.0,23.719,26.445,12.305,28763.0,8.646,140340.0
2020,2,Neuquén,30.0,68.0,11.0,16.0,1.0,126.0,218.0,327.0,61171.0,6.103,6.625,5.296,46432.0,0.0,126172.0
2020,2,Río Negro,50.0,40.0,10.0,11.0,18.0,129.0,114.0,466.0,70817.0,3.335,7.498,3.246,26953.0,17.057,129486.0
2020,2,Salta,60.0,82.0,24.0,5.0,7.0,178.0,129.0,514.0,41801.0,64.463,16.989,7.741,39594.0,6.531,177762.0
2020,2,San Juan,40.0,8.0,6.0,7.0,9.0,70.0,48.0,194.0,59113.0,917.0,4.908,40.0,127.0,4.43,69777.0
2020,2,San Luis,8.0,8.0,6.0,61.0,36.0,114.0,105.0,0.0,11439.0,3.585,1.934,60.889,8.0,35.992,113952.0
2020,2,Santa Cruz,13.0,16.0,1.0,7.0,2.0,39.0,66.0,0.0,26938.0,4.166,6.541,546.0,119.0,493.0,38869.0
2020,2,Santa Fe,300.0,382.0,47.0,30.0,19.0,778.0,568.0,2.061,213054.0,198.772,96.575,57.236,189473.0,20.193,777932.0
2020,2,Santiago Del Estero,26.0,72.0,355.0,3.0,4.0,105.0,133.0,1.779,32557.0,57.709,5.178,247.0,3328.0,4.516,105447.0
2020,2,Tierra Del Fuego,13.0,26.0,0.0,0.0,310.0,39.0,11.0,0.0,22325.0,5.186,3.034,391.0,796.0,7.446,39189.0
2020,2,Tucumán,150.0,10.0,55.0,1.0,762.0,217.0,52.0,97.0,49028.0,54.537,34.184,2.246,74377.0,2.635,217156.0
2020,1,Buenos Aires,673.0,2.0,721.0,85.0,18.0,4.0,38.215,36.802,1122034.0,236.421,247.977,205.78,1802583.0,28.935,3718747.0
2020,1,Capital Federal,184.0,1.0,39.0,4.0,29.0,1.0,264.0,312.0,169651.0,102.254,89.665,85.899,906009.0,0.0,1354054.0
2020,1,Catamarca,22.0,3.0,12.0,261.0,2.0,40.0,63.0,0.0,8838.0,7.543,9.558,408.0,10299.0,2.151,38860.0
2020,1,Chaco,46.0,54.0,12.0,6.0,2.0,120.0,308.0,928.0,23291.0,19.976,29.851,10.416,28539.0,6.917,120226.0
2020,1,Chubut,46.0,27.0,1.0,17.0,5.0,97.0,158.0,109.0,69586.0,12.957,7.756,1.24,614.0,4.5,96920.0
2020,1,Córdoba,286.0,406.0,69.0,42.0,9.0,811.0,142.0,5.128,217229.0,120.188,95.827,65.733,296875.0,9.802,810924.0
2020,1,Corrientes,51.0,53.0,2.0,2.0,5.0,114.0,72.0,527.0,33479.0,21.382,26.679,7.351,19467.0,4.78,113737.0
2020,1,Entre Ríos,90.0,95.0,13.0,19.0,14.0,232.0,130.0,4.081,72280.0,47.132,41.125,11.988,39794.0,13.762,230292.0
2020,1,Formosa,21.0,9.0,2.0,15.0,169.0,46.0,1.127,342.0,23761.0,6.5,6.564,964.0,6918.0,100.0,46276.0
2020,1,Jujuy,32.0,39.0,3.0,942.0,17.0,92.0,55.0,182.0,33120.0,9.979,26.693,166.0,7349.0,16.545,94089.0
2020,1,La Pampa,9.0,54.0,14.0,11.0,2.0,89.0,293.0,811.0,72740.0,7.199,3.029,1.342,2113.0,1.618,89145.0
2020,1,La Rioja,13.0,35.0,0.0,251.0,29.0,48.0,21.0,1.0,37209.0,5.158,4.64,22.0,1294.0,0.0,48345.0
2020,1,Mendoza,92.0,50.0,28.0,12.0,722.0,183.0,58.0,40.0,140410.0,12.285,17.489,2.86,3818.0,0.0,176960.0
2020,1,Misiones,51.0,69.0,1.0,460.0,11.0,134.0,71.0,524.0,36622.0,21.271,26.433,11.581,26313.0,10.885,133700.0
2020,1,Neuquén,29.0,66.0,11.0,15.0,729.0,122.0,218.0,327.0,60152.0,5.257,7.123,5.399,43738.0,0.0,122214.0
2020,1,Río Negro,48.0,38.0,10.0,11.0,18.0,126.0,114.0,466.0,69154.0,2.93,7.857,3.199,25488.0,17.719,126927.0
2020,1,Salta,60.0,76.0,23.0,4.0,7.0,170.0,129.0,514.0,38537.0,63.714,17.991,8.625,34744.0,6.441,170695.0
2020,1,San Juan,40.0,6.0,6.0,7.0,5.0,64.0,48.0,194.0,59787.0,1.594,1.292,40.0,127.0,4.779,67861.0
2020,1,San Luis,8.0,8.0,5.0,58.0,36.0,111.0,105.0,0.0,11322.0,4.164,525.0,58.258,5.0,36.075,110454.0
2020,1,Santa Cruz,13.0,16.0,1.0,7.0,2.0,39.0,67.0,11.0,27447.0,4.993,5.169,529.0,119.0,0.0,38335.0
2020,1,Santa Fe,302.0,384.0,35.0,30.0,19.0,771.0,696.0,2.994,217553.0,196.826,104.56,48.448,173823.0,17.656,762556.0
2020,1,Santiago Del Estero,25.0,70.0,200.0,3.0,5.0,103.0,133.0,1.779,33086.0,56.884,3.737,135.0,2799.0,4.501,103054.0
2020,1,Tierra Del Fuego,13.0,26.0,0.0,0.0,308.0,39.0,11.0,1.0,22976.0,5.024,1.834,196.0,518.0,7.046,37606.0
2020,1,Tucumán,143.0,10.0,45.0,1.0,347.0,200.0,52.0,97.0,49555.0,50.383,31.096,1.73,67536.0,0.0,200449.0
2019,4,Buenos Aires,720.0,2.0,669.0,87.0,18.0,4.0,33.489,27.537,1177446.0,262.297,247.106,452.57,1465133.0,20.676,3686254.0
2019,4,Capital Federal,197.0,1.0,36.0,4.0,29.0,1.0,307.0,15.0,177098.0,110.218,110.852,205.81,753805.0,0.0,1358105.0
2019,4,Catamarca,23.0,3.0,10.0,261.0,2.0,38.0,63.0,0.0,9945.0,7.619,9.305,804.0,7477.0,3.098,38311.0
2019,4,Chaco,49.0,54.0,9.0,5.0,2.0,118.0,83.0,0.0,25899.0,18.959,30.902,13.516,21556.0,6.988,117903.0
2019,4,Chubut,47.0,27.0,1.0,15.0,5.0,96.0,158.0,4.0,69405.0,12.945,7.615,1.24,614.0,4.121,96102.0
2019,4,Córdoba,297.0,410.0,53.0,38.0,9.0,807.0,142.0,0.0,232781.0,118.232,109.33,114.111,221742.0,10.35,806688.0
2019,4,Corrientes,53.0,52.0,2.0,2.0,5.0,114.0,72.0,0.0,35055.0,20.62,27.367,9.981,15744.0,4.995,113834.0
2019,4,Entre Ríos,93.0,99.0,13.0,19.0,15.0,239.0,47.0,0.0,88203.0,44.511,42.962,18.976,30153.0,14.178,239030.0
2019,4,Formosa,22.0,9.0,2.0,15.0,169.0,47.0,1.127,191.0,24606.0,6.319,6.788,1.766,5671.0,243.0,46711.0
2019,4,Jujuy,33.0,38.0,873.0,814.0,17.0,89.0,55.0,0.0,32920.0,9.632,26.764,102.0,5286.0,14.122,88881.0
2019,4,La Pampa,15.0,57.0,5.0,11.0,2.0,90.0,293.0,313.0,76747.0,6.9,1.951,1.287,1342.0,1.566,90399.0
2019,4,La Rioja,14.0,35.0,0.0,251.0,29.0,49.0,21.0,0.0,37846.0,5.045,4.763,22.0,1305.0,0.0,49002.0
2019,4,Mendoza,97.0,50.0,25.0,14.0,730.0,186.0,746.0,9.0,145139.0,12.955,15.237,2.165,2628.0,6.901,185780.0
2019,4,Misiones,53.0,70.0,847.0,441.0,12.0,136.0,71.0,0.0,39664.0,20.84,27.305,15.626,20799.0,11.508,135813.0
2019,4,Neuquén,30.0,61.0,11.0,14.0,854.0,116.0,218.0,1.0,57370.0,4.439,7.357,12.059,35001.0,0.0,116445.0
2019,4,Río Negro,50.0,38.0,10.0,11.0,18.0,127.0,114.0,0.0,71847.0,2.797,8.558,6.968,19837.0,17.019,127140.0
2019,4,Salta,63.0,76.0,22.0,3.0,8.0,172.0,149.0,1.0,42159.0,67.656,15.369,14.17,25821.0,7.12,172445.0
2019,4,San Juan,41.0,6.0,5.0,7.0,5.0,65.0,48.0,1.0,60626.0,1.594,1.292,40.0,127.0,1.246,64974.0
2019,4,San Luis,9.0,8.0,6.0,55.0,36.0,108.0,105.0,0.0,11901.0,4.164,525.0,55.216,3.0,36.287,108201.0
2019,4,Santa Cruz,13.0,16.0,1.0,7.0,2.0,39.0,67.0,0.0,32368.0,4.346,2.224,7.0,8.0,350.0,39370.0
2019,4,Santa Fe,312.0,382.0,27.0,27.0,20.0,769.0,698.0,0.0,230234.0,190.664,113.527,70.998,135576.0,27.472,769169.0
2019,4,Santiago Del Estero,25.0,71.0,200.0,3.0,5.0,104.0,133.0,908.0,34911.0,56.309,3.756,105.0,2449.0,5.017,103588.0
2019,4,Tierra Del Fuego,13.0,27.0,0.0,0.0,310.0,40.0,11.0,0.0,23593.0,5.05,1.848,139.0,1962.0,7.789,40392.0
2019,4,Tucumán,147.0,11.0,40.0,725.0,348.0,199.0,55.0,0.0,54544.0,52.017,28.916,6.405,56707.0,0.0,198644.0
2019,3,Buenos Aires,1.0,2.0,425.0,86.0,27.0,4.0,238.92,44.648,1432722.0,222.812,260.506,483.572,1246209.0,42.294,3971683.0
2019,3,Capital Federal,300.0,1.0,25.0,4.0,31.0,1.0,104.0,368.0,269704.0,120.924,138.011,258.591,655108.0,0.0,1442810.0
2019,3,Catamarca,24.0,6.0,13.0,244.0,2.0,32.0,34.0,43.0,14449.0,9.285,6.333,72.0,15.0,2.151,32382.0
2019,3,Chaco,50.0,49.0,8.0,5.0,2.0,114.0,69.0,1.216,32764.0,28.198,13.336,12.987,16740.0,6.917,112227.0
2019,3,Chubut,37.0,27.0,2.0,15.0,8.0,89.0,74.0,840.0,62680.0,13.033,7.171,1.24,614.0,4.5,90152.0
2019,3,Córdoba,308.0,399.0,30.0,37.0,9.0,783.0,83.0,5.824,240151.0,106.651,118.486,146.247,157546.0,7.353,782341.0
2019,3,Corrientes,53.0,50.0,2.0,2.0,5.0,113.0,10.0,597.0,42231.0,29.628,10.348,10.388,12674.0,4.78,110656.0
2019,3,Entre Ríos,95.0,96.0,13.0,19.0,15.0,238.0,19.0,4.446,99656.0,56.161,17.064,21.216,22645.0,15.107,236314.0
2019,3,Formosa,22.0,8.0,1.0,14.0,162.0,46.0,1.11,349.0,24943.0,6.049,7.117,2.262,4443.0,100.0,46373.0
2019,3,Jujuy,33.0,36.0,274.0,812.0,17.0,87.0,27.0,885.0,31722.0,9.24,26.835,56.0,3671.0,16.545,88981.0
2019,3,La Pampa,19.0,53.0,5.0,11.0,2.0,91.0,237.0,3.289,75849.0,5.922,1.611,1.359,941.0,1.618,90826.0
2019,3,La Rioja,14.0,35.0,11.0,251.0,41.0,50.0,9.0,10.0,38657.0,4.786,4.887,22.0,1307.0,0.0,49678.0
2019,3,Mendoza,149.0,54.0,7.0,13.0,2.0,224.0,21.0,1.269,206821.0,2.958,10.093,1.263,349.0,0.0,222774.0
2019,3,Misiones,54.0,66.0,829.0,419.0,12.0,134.0,47.0,1.928,43530.0,29.375,11.256,16.107,16650.0,12.206,131099.0
2019,3,Neuquén,43.0,60.0,6.0,14.0,3.0,125.0,45.0,2.258,62909.0,4.586,9.597,16.923,28458.0,122.0,124898.0
2019,3,Río Negro,67.0,37.0,10.0,11.0,19.0,144.0,47.0,1.234,87435.0,2.348,9.779,10.176,15505.0,17.719,144243.0
2019,3,Salta,66.0,74.0,733.0,2.0,9.0,152.0,49.0,900.0,43160.0,62.23,14.309,11.418,12357.0,7.515,151938.0
2019,3,San Juan,52.0,7.0,1.0,7.0,6.0,73.0,22.0,171.0,68315.0,2.245,1.267,41.0,128.0,4.779,76968.0
2019,3,San Luis,13.0,11.0,350.0,62.0,36.0,123.0,57.0,100.0,18643.0,5.113,467.0,62.242,5.0,36.075,122702.0
2019,3,Santa Cruz,11.0,17.0,969.0,7.0,3.0,38.0,28.0,84.0,31612.0,4.472,1.203,27.0,4.0,0.0,37430.0
2019,3,Santa Fe,319.0,377.0,19.0,24.0,21.0,761.0,640.0,8.184,242454.0,193.286,107.068,84.325,97082.0,19.537,752576.0
2019,3,Santiago Del Estero,25.0,71.0,219.0,3.0,34.0,133.0,39.0,1.832,35554.0,55.172,3.612,86.0,1836.0,34.501,132632.0
2019,3,Tierra Del Fuego,20.0,27.0,651.0,0.0,1.0,49.0,6.0,14.0,32133.0,4.692,1.756,82.0,226.0,9.648,48557.0
2019,3,Tucumán,151.0,12.0,116.0,684.0,324.0,164.0,16.0,110.0,71043.0,47.693,24.354,843.0,20385.0,0.0,164444.0
2019,2,Buenos Aires,1.0,2.0,383.0,75.0,33.0,4.0,199.768,46.852,1436259.0,217.785,438.663,502.275,985767.0,43.438,3870807.0
2019,2,Capital Federal,310.0,1.0,36.0,4.0,4.0,1.0,74.0,1.027,281370.0,124.087,239.691,296.155,475991.0,0.0,1418395.0
2019,2,Catamarca,26.0,6.0,13.0,146.0,2.0,34.0,34.0,43.0,16631.0,8.67,6.049,34.0,10.0,2.151,33622.0
2019,2,Chaco,51.0,47.0,4.0,5.0,2.0,109.0,69.0,1.383,38488.0,26.431,16.789,15.348,9904.0,1.492,109904.0
2019,2,Chubut,37.0,26.0,2.0,14.0,8.0,88.0,66.0,3.952,69032.0,10.049,1.495,74.0,165.0,4.5,89333.0
2019,2,Córdoba,315.0,388.0,23.0,34.0,15.0,775.0,81.0,8.165,248427.0,100.512,157.458,170.159,76053.0,8.938,769793.0
2019,2,Corrientes,54.0,47.0,2.0,2.0,6.0,112.0,10.0,3.012,40424.0,27.774,13.114,11.928,7119.0,6.08,109461.0
2019,2,Entre Ríos,97.0,91.0,13.0,17.0,18.0,236.0,18.0,5.905,100687.0,52.316,23.196,24.221,10664.0,17.206,234213.0
2019,2,Formosa,22.0,9.0,1.0,14.0,162.0,46.0,1.11,349.0,26512.0,5.399,8.384,2.639,2258.0,100.0,46751.0
2019,2,Jujuy,33.0,31.0,274.0,812.0,22.0,87.0,27.0,940.0,26233.0,8.441,26.7,27.0,2600.0,21.765,86733.0
2019,2,La Pampa,19.0,52.0,5.0,11.0,3.0,90.0,236.0,3.289,75406.0,5.191,1.366,1.445,629.0,2.661,90223.0
2019,2,La Rioja,15.0,35.0,11.0,251.0,41.0,50.0,9.0,11.0,39819.0,4.297,4.857,13.0,1298.0,0.0,50304.0
2019,2,Mendoza,149.0,54.0,7.0,13.0,2.0,224.0,20.0,2.522,205165.0,2.971,10.092,1.256,234.0,0.0,222260.0
2019,2,Misiones,55.0,64.0,543.0,421.0,12.0,133.0,47.0,2.226,45769.0,27.385,15.408,18.882,8129.0,12.206,130052.0
2019,2,Neuquén,43.0,59.0,5.0,13.0,3.0,123.0,302.0,3.038,61776.0,4.688,17.318,21.21,14132.0,422.0,122886.0
2019,2,Río Negro,68.0,37.0,4.0,10.0,20.0,139.0,384.0,1.354,86366.0,2.201,10.291,12.407,6907.0,18.519,138429.0
2019,2,Salta,69.0,62.0,725.0,1.0,9.0,143.0,49.0,974.0,59638.0,36.923,16.961,14.059,6461.0,7.585,142650.0
2019,2,San Juan,52.0,7.0,1.0,3.0,7.0,70.0,22.0,213.0,60913.0,2.177,785.0,7.0,4.0,6.119,70240.0
2019,2,San Luis,11.0,10.0,347.0,57.0,38.0,117.0,57.0,102.0,16575.0,4.964,467.0,57.236,5.0,37.977,117383.0
2019,2,Santa Cruz,11.0,10.0,379.0,7.0,3.0,31.0,25.0,84.0,24861.0,3.806,1.202,28.0,4.0,0.0,30010.0
2019,2,Santa Fe,325.0,355.0,18.0,22.0,23.0,743.0,321.0,8.427,300124.0,125.176,129.741,100.131,49865.0,22.323,736108.0
2019,2,Santiago Del Estero,24.0,65.0,219.0,3.0,35.0,127.0,39.0,1.832,63268.0,21.362,3.741,108.0,1205.0,34.501,126056.0
2019,2,Tierra Del Fuego,20.0,26.0,651.0,0.0,1.0,47.0,6.0,123.0,41824.0,4.241,1.573,96.0,32.0,0.0,47895.0
2019,2,Tucumán,153.0,12.0,116.0,684.0,321.0,166.0,16.0,157.0,78891.0,44.296,24.291,628.0,18394.0,0.0,166673.0
2019,1,Buenos Aires,1.0,2.0,336.0,65.0,20.0,4.0,162.513,72.296,1429964.0,202.511,576.428,576.859,705769.0,6.369,3732709.0
2019,1,Capital Federal,328.0,1.0,32.0,4.0,4.0,1.0,74.0,7.417,283787.0,131.007,330.122,365.713,283463.0,0.0,1401583.0
2019,1,Catamarca,27.0,4.0,16.0,0.0,2.0,34.0,34.0,1.708,18761.0,6.443,5.606,29.0,7.0,2.151,34739.0
2019,1,Chaco,53.0,44.0,2.0,4.0,1.0,104.0,69.0,3.801,38719.0,25.632,18.965,12.393,6368.0,1.035,106982.0
2019,1,Chubut,37.0,23.0,2.0,14.0,3.0,80.0,66.0,3.938,71077.0,6.571,787.0,74.0,165.0,0.0,82678.0
2019,1,Córdoba,323.0,364.0,20.0,25.0,12.0,744.0,81.0,20.403,242769.0,96.997,200.681,127.965,50716.0,6.806,746418.0
2019,1,Corrientes,56.0,43.0,2.0,2.0,58.0,102.0,10.0,6.47,38402.0,26.562,15.498,9.688,5029.0,0.0,101659.0
2019,1,Entre Ríos,101.0,90.0,13.0,16.0,12.0,232.0,18.0,9.217,107013.0,50.068,28.957,18.146,7619.0,12.142,233180.0
2019,1,Formosa,23.0,8.0,940.0,14.0,62.0,45.0,1.11,3.023,23085.0,5.301,9.027,2.099,1654.0,0.0,45299.0
2019,1,Jujuy,33.0,12.0,153.0,640.0,44.0,90.0,27.0,2.817,30727.0,7.811,4.021,30.0,1141.0,37.162,83736.0
2019,1,La Pampa,19.0,57.0,3.0,9.0,1.0,89.0,236.0,8.327,70538.0,4.466,1.061,1.354,405.0,698.0,87085.0
2019,1,La Rioja,16.0,35.0,12.0,252.0,41.0,52.0,9.0,1.169,40285.0,4.088,5.216,17.0,869.0,0.0,51653.0
2019,1,Mendoza,149.0,40.0,6.0,10.0,2.0,206.0,20.0,1.786,205383.0,2.837,5.702,111.0,140.0,0.0,215979.0
2019,1,Misiones,55.0,59.0,465.0,426.0,8.0,123.0,47.0,5.946,45266.0,25.89,19.111,16.552,5167.0,7.654,125633.0
2019,1,Neuquén,41.0,56.0,3.0,13.0,2.0,114.0,1.328,3.055,52360.0,1.781,21.452,17.135,11026.0,6.105,114242.0
2019,1,Río Negro,68.0,34.0,4.0,10.0,5.0,121.0,384.0,1.583,84845.0,2.037,13.615,9.567,5076.0,3.719,120826.0
2019,1,Salta,74.0,58.0,647.0,1.0,2.0,136.0,49.0,4.232,59244.0,36.473,22.91,10.861,2242.0,1.0,136012.0
2019,1,San Juan,52.0,6.0,808.0,3.0,1.0,62.0,22.0,229.0,62380.0,266.0,520.0,3.0,2.0,560.0,63982.0
2019,1,San Luis,11.0,8.0,378.0,53.0,24.0,96.0,57.0,120.0,21380.0,53.214,345.0,6.0,2.0,23.577,98701.0
2019,1,Santa Cruz,11.0,5.0,382.0,7.0,3.0,25.0,25.0,128.0,21990.0,2.731,702.0,26.0,4.0,0.0,25606.0
2019,1,Santa Fe,340.0,340.0,16.0,23.0,18.0,737.0,333.0,29.35,296798.0,122.959,153.212,74.575,36502.0,18.591,732320.0
2019,1,Santiago Del Estero,25.0,62.0,23.0,3.0,99.0,90.0,39.0,3.372,62895.0,20.691,3.959,85.0,494.0,0.0,91535.0
2019,1,Tierra Del Fuego,20.0,24.0,2.0,0.0,1.0,46.0,6.0,131.0,38851.0,3.623,641.0,80.0,29.0,0.0,43361.0
2019,1,Tucumán,159.0,12.0,118.0,678.0,321.0,172.0,16.0,5.188,82240.0,42.877,26.21,847.0,14839.0,0.0,172217.0
2018,4,Buenos Aires,1.0,2.0,296.0,65.0,20.0,4.0,134.673,73.761,1422463.0,194.426,577.679,949.093,265386.0,19.125,3636606.0
2018,4,Capital Federal,328.0,1.0,33.0,4.0,4.0,1.0,74.0,7.388,283281.0,143.309,330.496,437.662,186810.0,0.0,1389020.0
2018,4,Catamarca,27.0,4.0,16.0,0.0,2.0,34.0,34.0,1.669,17955.0,6.425,5.461,29.0,7.0,2.003,33583.0
2018,4,Chaco,53.0,44.0,2.0,3.0,1.0,103.0,69.0,3.405,36437.0,25.633,18.965,12.393,6368.0,0.0,103270.0
2018,4,Chubut,37.0,23.0,952.0,14.0,3.0,79.0,66.0,3.917,66061.0,6.215,531.0,623.0,165.0,1.144,78722.0
2018,4,Córdoba,329.0,356.0,18.0,22.0,13.0,737.0,81.0,24.102,228475.0,97.277,201.639,128.053,48809.0,8.903,737339.0
2018,4,Corrientes,56.0,42.0,796.0,2.0,30.0,101.0,10.0,6.438,37376.0,26.562,15.498,9.688,5029.0,0.0,100601.0
2018,4,Entre Ríos,101.0,86.0,5.0,15.0,14.0,222.0,18.0,8.769,94780.0,50.027,29.002,18.146,7612.0,13.693,222047.0
2018,4,Formosa,23.0,8.0,887.0,14.0,57.0,45.0,1.11,3.074,22962.0,5.285,9.027,2.092,1654.0,0.0,45204.0
2018,4,Jujuy,33.0,12.0,153.0,640.0,44.0,90.0,27.0,2.803,30727.0,7.811,4.021,30.0,1141.0,43.573,90133.0
2018,4,La Pampa,19.0,55.0,3.0,8.0,1.0,86.0,241.0,7.727,70508.0,3.661,978.0,1.328,270.0,923.0,85636.0
2018,4,La Rioja,16.0,35.0,12.0,252.0,36.0,52.0,9.0,1.164,40285.0,4.088,5.216,17.0,869.0,3.0,51651.0
2018,4,Mendoza,149.0,40.0,6.0,10.0,2.0,206.0,20.0,1.463,197450.0,2.494,4.726,19.0,132.0,0.0,206304.0
2018,4,Misiones,56.0,54.0,465.0,426.0,6.0,116.0,47.0,5.981,43267.0,26.019,19.226,16.566,5167.0,0.0,116273.0
2018,4,Neuquén,41.0,56.0,3.0,12.0,2.0,114.0,1.328,3.044,52313.0,1.781,21.452,17.135,11025.0,6.287,114365.0
2018,4,Río Negro,68.0,34.0,1.0,8.0,5.0,117.0,384.0,1.225,83412.0,643.0,13.44,9.569,5070.0,3.094,116837.0
2018,4,Salta,74.0,58.0,638.0,253.0,2.0,135.0,49.0,3.659,58492.0,36.365,22.91,10.861,2242.0,0.0,134578.0
2018,4,San Juan,52.0,6.0,806.0,3.0,1.0,62.0,22.0,1.465,59811.0,180.0,312.0,1.0,1.0,606.0,62398.0
2018,4,San Luis,11.0,8.0,378.0,53.0,24.0,96.0,57.0,109.0,19164.0,53.183,119.0,62.0,2.0,23.635,96331.0
2018,4,Santa Cruz,11.0,5.0,382.0,6.0,3.0,25.0,25.0,115.0,23107.0,779.0,206.0,1.0,4.0,531.0,24768.0
2018,4,Santa Fe,336.0,323.0,14.0,19.0,29.0,720.0,335.0,31.397,276301.0,121.009,152.039,74.432,36427.0,28.45,720390.0
2018,4,Santiago Del Estero,25.0,61.0,23.0,3.0,81.0,89.0,39.0,3.25,61347.0,20.127,3.686,77.0,483.0,326.0,89335.0
2018,4,Tierra Del Fuego,20.0,23.0,2.0,0.0,1.0,46.0,6.0,27.0,29919.0,6.323,9.894,24.0,67.0,0.0,46260.0
2018,4,Tucumán,159.0,12.0,119.0,686.0,314.0,172.0,16.0,5.244,82089.0,42.766,26.111,847.0,14839.0,92.0,172004.0
2018,3,Buenos Aires,1.0,2.0,156.0,62.0,26.0,4.0,991.0,80.459,1445733.0,190.805,636.09,897.964,237248.0,120.464,3609754.0
2018,3,Capital Federal,334.0,1.0,36.0,4.0,9.0,1.0,73.0,8.493,287919.0,147.253,370.677,415.02,165055.0,0.0,1394490.0
2018,3,Catamarca,28.0,4.0,15.0,1.0,2.0,34.0,34.0,1.994,18475.0,6.358,5.32,34.0,7.0,2.151,34373.0
2018,3,Chaco,54.0,42.0,2.0,3.0,1.0,102.0,70.0,3.503,38729.0,24.916,20.335,11.085,5667.0,1.035,105340.0
2018,3,Chubut,59.0,23.0,1.0,14.0,7.0,104.0,67.0,3.951,91096.0,6.162,531.0,623.0,164.0,0.0,102594.0
2018,3,Córdoba,338.0,342.0,16.0,19.0,11.0,726.0,81.0,24.767,224471.0,96.372,221.984,109.333,39854.0,6.49,723352.0
2018,3,Corrientes,56.0,41.0,212.0,1.0,32.0,99.0,11.0,6.754,38364.0,24.953,16.601,8.357,4419.0,0.0,99459.0
2018,3,Entre Ríos,103.0,84.0,2.0,15.0,80.0,205.0,18.0,9.048,96095.0,45.651,31.353,15.111,6786.0,0.0,204062.0
2018,3,Formosa,23.0,8.0,817.0,14.0,57.0,45.0,1.11,3.365,22624.0,5.259,9.336,1.729,1434.0,0.0,44857.0
2018,3,Jujuy,33.0,11.0,32.0,641.0,43.0,45.0,345.0,3.02,29048.0,7.756,4.066,39.0,623.0,0.0,44897.0
2018,3,La Pampa,12.0,55.0,8.0,7.0,987.0,83.0,242.0,8.417,68507.0,3.153,920.0,1.189,216.0,698.0,83342.0
2018,3,La Rioja,17.0,35.0,13.0,253.0,35.0,52.0,9.0,1.291,40647.0,4.138,5.425,20.0,339.0,0.0,51869.0
2018,3,Mendoza,151.0,40.0,6.0,8.0,2.0,207.0,20.0,1.525,199297.0,2.476,4.727,27.0,129.0,0.0,208201.0
2018,3,Misiones,56.0,51.0,512.0,391.0,56.0,108.0,48.0,5.749,39617.0,24.747,21.212,14.674,4547.0,0.0,110594.0
2018,3,Neuquén,47.0,54.0,998.0,12.0,3.0,117.0,1.396,2.244,55822.0,1.647,23.785,15.218,9718.0,6.105,115935.0
2018,3,Río Negro,69.0,33.0,1.0,5.0,5.0,113.0,409.0,5.221,75929.0,512.0,14.912,8.47,4332.0,3.719,113504.0
2018,3,Salta,77.0,54.0,678.0,234.0,1.0,133.0,116.0,3.721,61795.0,32.782,25.582,9.224,502.0,0.0,133722.0
2018,3,San Juan,54.0,6.0,826.0,3.0,1.0,64.0,22.0,1.326,62525.0,180.0,312.0,3.0,1.0,0.0,64369.0
2018,3,San Luis,11.0,8.0,368.0,53.0,2.0,74.0,57.0,109.0,19170.0,52.94,119.0,63.0,2.0,1.902,74362.0
2018,3,Santa Cruz,19.0,5.0,585.0,6.0,4.0,34.0,26.0,116.0,32815.0,778.0,206.0,1.0,3.0,0.0,33945.0
2018,3,Santa Fe,339.0,313.0,12.0,16.0,15.0,695.0,467.0,36.786,269211.0,115.907,162.545,62.479,31266.0,13.911,692572.0
2018,3,Santiago Del Estero,26.0,59.0,23.0,2.0,81.0,86.0,41.0,2.55,60260.0,19.116,3.806,64.0,265.0,0.0,86102.0
2018,3,Tierra Del Fuego,19.0,23.0,2.0,1.0,2.0,46.0,6.0,187.0,41569.0,2.27,231.0,24.0,13.0,0.0,44300.0
2018,3,Tucumán,161.0,9.0,110.0,252.0,315.0,171.0,16.0,5.993,81559.0,43.282,27.062,941.0,12187.0,0.0,171040.0
2018,2,Buenos Aires,1.0,2.0,144.0,71.0,28.0,4.0,1.009,81.354,1459443.0,295.457,816.056,536.049,199589.0,113.357,3502314.0
2018,2,Capital Federal,342.0,978.0,36.0,4.0,9.0,1.0,73.0,9.234,290291.0,219.166,445.345,264.805,142253.0,0.0,1371167.0
2018,2,Catamarca,27.0,4.0,15.0,1.0,2.0,34.0,34.0,2.414,14624.0,6.112,4.347,36.0,6.0,6.5,34073.0
2018,2,Chaco,54.0,41.0,562.0,2.0,1.0,99.0,70.0,2.968,34167.0,24.282,21.887,9.251,4630.0,1.035,98290.0
2018,2,Chubut,59.0,20.0,1.0,14.0,7.0,101.0,67.0,4.471,85598.0,5.369,4.0,5.0,9.0,5.01,100533.0
2018,2,Córdoba,345.0,328.0,14.0,16.0,10.0,713.0,81.0,21.779,219630.0,102.596,244.291,78.852,34950.0,8.11,710289.0
2018,2,Corrientes,57.0,40.0,201.0,1.0,32.0,98.0,11.0,7.047,38268.0,24.066,17.926,6.78,3862.0,0.0,97960.0
2018,2,Entre Ríos,105.0,80.0,2.0,12.0,80.0,200.0,18.0,8.179,94459.0,44.57,34.281,12.012,5920.0,0.0,199439.0
2018,2,Formosa,24.0,7.0,18.0,14.0,57.0,45.0,1.11,3.568,22409.0,5.176,9.727,1.313,1243.0,0.0,44546.0
2018,2,Jujuy,34.0,11.0,23.0,640.0,43.0,45.0,345.0,3.32,29319.0,8.083,3.977,44.0,7.0,0.0,45095.0
2018,2,La Pampa,12.0,54.0,8.0,7.0,987.0,82.0,244.0,8.797,68083.0,2.409,965.0,969.0,179.0,698.0,82344.0
2018,2,La Rioja,17.0,35.0,13.0,253.0,35.0,52.0,9.0,1.384,40679.0,4.198,5.64,20.0,15.0,0.0,51945.0
2018,2,Mendoza,153.0,37.0,3.0,6.0,2.0,201.0,20.0,1.658,164596.0,515.0,266.0,17.0,72.0,33.788,200932.0
2018,2,Misiones,57.0,48.0,512.0,391.0,56.0,106.0,48.0,6.092,39489.0,23.569,23.747,11.888,3866.0,0.0,108699.0
2018,2,Neuquén,47.0,53.0,998.0,13.0,3.0,116.0,1.396,2.408,56035.0,1.314,26.417,12.442,8551.0,6.105,114668.0
2018,2,Río Negro,69.0,33.0,1.0,4.0,5.0,112.0,409.0,5.298,75056.0,523.0,16.48,6.663,3725.0,3.975,112129.0
2018,2,Salta,78.0,53.0,678.0,234.0,1.0,134.0,116.0,3.99,61763.0,33.285,28.431,7.239,182.0,0.0,135006.0
2018,2,San Juan,54.0,5.0,826.0,3.0,1.0,64.0,22.0,1.378,57591.0,11.0,0.0,3.0,0.0,5.068,64073.0
2018,2,San Luis,11.0,8.0,368.0,16.0,2.0,21.0,57.0,101.0,11992.0,11.0,0.0,7.0,2.0,9.284,21454.0
2018,2,Santa Cruz,19.0,4.0,585.0,7.0,4.0,34.0,26.0,120.0,28600.0,655.0,100.0,1.0,3.0,4.267,33772.0
2018,2,Santa Fe,338.0,304.0,11.0,16.0,15.0,685.0,744.0,34.267,262603.0,112.143,175.54,50.525,26512.0,22.257,684591.0
2018,2,Santiago Del Estero,26.0,56.0,23.0,2.0,81.0,84.0,41.0,2.717,41362.0,18.721,3.278,31.0,31.0,17.589,83770.0
2018,2,Tierra Del Fuego,19.0,23.0,531.0,1.0,2.0,45.0,6.0,188.0,40912.0,2.217,75.0,0.0,0.0,107.0,43505.0
2018,2,Tucumán,160.0,9.0,110.0,252.0,315.0,170.0,16.0,6.735,79899.0,44.968,27.059,1.084,8784.0,1.305,169850.0
2018,1,Buenos Aires,1.0,2.0,134.0,64.0,31.0,3.0,1.514,74.766,1445752.0,292.732,886.678,480.237,184203.0,105.818,3471700.0
2018,1,Capital Federal,350.0,968.0,36.0,3.0,9.0,1.0,89.0,10.039,292566.0,222.737,487.826,227.953,127384.0,0.0,1368594.0
2018,1,Catamarca,27.0,4.0,15.0,1.0,2.0,34.0,34.0,2.896,14770.0,6.145,3.539,41.0,4.0,6.5,33929.0
2018,1,Chaco,55.0,40.0,383.0,388.0,1.0,97.0,70.0,3.261,32516.0,24.488,23.296,8.219,3897.0,1.035,96782.0
2018,1,Chubut,56.0,20.0,1.0,14.0,7.0,98.0,67.0,4.314,83161.0,5.358,4.0,5.0,9.0,5.01,97928.0
2018,1,Córdoba,349.0,327.0,13.0,13.0,11.0,714.0,281.0,23.922,222815.0,104.3,266.259,57.137,29228.0,10.049,713991.0
2018,1,Corrientes,57.0,35.0,888.0,1.0,33.0,94.0,11.0,5.005,37152.0,24.038,19.068,5.89,3256.0,0.0,94420.0
2018,1,Entre Ríos,107.0,76.0,4.0,11.0,80.0,197.0,18.0,8.861,90080.0,45.599,37.401,9.818,5071.0,0.0,196848.0
2018,1,Formosa,24.0,7.0,17.0,2.0,57.0,32.0,1.11,3.803,10092.0,5.117,10.061,1.091,1046.0,0.0,32320.0
2018,1,Jujuy,34.0,10.0,23.0,28.0,43.0,44.0,345.0,4.807,27219.0,8.044,3.925,49.0,4.0,0.0,44393.0
2018,1,La Pampa,11.0,51.0,8.0,11.0,2.0,83.0,245.0,8.119,67104.0,1.616,1.076,614.0,98.0,3.503,82375.0
2018,1,La Rioja,17.0,35.0,13.0,253.0,35.0,52.0,9.0,1.485,40680.0,4.217,5.831,19.0,1.0,0.0,52242.0
2018,1,Mendoza,153.0,37.0,3.0,6.0,2.0,201.0,20.0,1.662,164599.0,501.0,266.0,19.0,72.0,33.788,200927.0
2018,1,Misiones,56.0,47.0,328.0,5.0,56.0,104.0,48.0,4.7,35820.0,23.291,26.223,10.241,3219.0,0.0,103542.0
2018,1,Neuquén,47.0,55.0,1.0,12.0,3.0,118.0,1.396,2.367,59468.0,1.311,29.012,9.709,7378.0,6.105,116746.0
2018,1,Río Negro,69.0,32.0,1.0,4.0,5.0,111.0,409.0,5.333,74894.0,530.0,17.997,4.972,3129.0,3.975,111239.0
2018,1,Salta,80.0,52.0,118.0,204.0,1.0,133.0,116.0,4.459,60334.0,33.088,30.771,5.145,88.0,0.0,134001.0
2018,1,San Juan,54.0,5.0,826.0,2.0,1.0,63.0,22.0,1.058,57078.0,11.0,0.0,3.0,0.0,5.068,63240.0
2018,1,San Luis,11.0,8.0,368.0,16.0,2.0,21.0,57.0,101.0,11920.0,11.0,0.0,7.0,2.0,9.284,21382.0
2018,1,Santa Cruz,19.0,4.0,2.0,7.0,3.0,34.0,26.0,120.0,28600.0,655.0,100.0,1.0,3.0,4.267,33772.0
2018,1,Santa Fe,342.0,300.0,11.0,12.0,15.0,680.0,1.359,33.639,262008.0,108.576,188.9,39.589,22801.0,23.181,680053.0
2018,1,Santiago Del Estero,27.0,55.0,23.0,1.0,81.0,83.0,41.0,2.91,41298.0,18.914,3.449,33.0,2.0,17.589,84236.0
2018,1,Tierra Del Fuego,19.0,10.0,531.0,1.0,2.0,32.0,6.0,307.0,33987.0,2.0,0.0,0.0,0.0,107.0,34409.0
2018,1,Tucumán,159.0,9.0,107.0,368.0,50.0,168.0,16.0,7.472,78811.0,45.675,26.405,1.218,7082.0,1.305,167984.0
2017,4,Buenos Aires,1.0,2.0,131.0,60.0,31.0,3.0,3.865,55.046,1551194.0,264.645,712.513,335.14,151747.0,114.182,3188332.0
2017,4,Capital Federal,571.0,962.0,36.0,3.0,10.0,2.0,314.0,31.411,517018.0,284.04,458.12,178.396,114939.0,0.0,1584238.0
2017,4,Catamarca,27.0,263.0,11.0,1.0,2.0,30.0,34.0,3.182,15315.0,5.904,2.927,43.0,2.0,2.151,29558.0
2017,4,Chaco,55.0,40.0,389.0,380.0,1.0,97.0,70.0,3.432,37144.0,24.088,20.123,7.29,3289.0,1.035,96471.0
2017,4,Chubut,56.0,15.0,1.0,14.0,7.0,93.0,67.0,4.313,83676.0,5.355,7.0,5.0,9.0,0.0,93432.0
2017,4,Córdoba,350.0,325.0,13.0,12.0,11.0,710.0,291.0,25.411,280837.0,102.892,217.602,40.898,24251.0,8.429,700611.0
2017,4,Corrientes,57.0,35.0,894.0,1.0,35.0,94.0,11.0,5.22,41080.0,23.686,16.046,5.053,2675.0,0.0,93771.0
2017,4,Entre Ríos,108.0,74.0,2.0,10.0,86.0,194.0,1.685,9.078,95466.0,45.189,30.01,7.958,4113.0,0.0,193499.0
2017,4,Formosa,23.0,7.0,19.0,2.0,51.0,32.0,1.11,4.061,13220.0,4.867,6.996,977.0,824.0,0.0,32055.0
2017,4,Jujuy,34.0,10.0,20.0,28.0,34.0,44.0,345.0,5.364,26566.0,7.721,3.507,44.0,3.0,0.0,43550.0
2017,4,La Pampa,11.0,50.0,8.0,11.0,2.0,82.0,310.0,8.729,66053.0,1.227,792.0,391.0,81.0,3.503,81086.0
2017,4,La Rioja,17.0,35.0,14.0,253.0,31.0,52.0,9.0,1.488,40777.0,4.083,5.813,22.0,3.0,0.0,52195.0
2017,4,Mendoza,153.0,16.0,3.0,6.0,2.0,180.0,26.0,1.656,177646.0,438.0,278.0,29.0,81.0,0.0,180154.0
2017,4,Misiones,56.0,47.0,95.0,5.0,54.0,104.0,1.053,3.9,41723.0,23.131,22.262,9.091,2735.0,0.0,103895.0
2017,4,Neuquén,47.0,54.0,1.0,12.0,3.0,117.0,1.396,2.372,68036.0,1.325,22.781,7.528,6300.0,6.105,115843.0
2017,4,Río Negro,69.0,30.0,1.0,4.0,5.0,110.0,409.0,5.598,81078.0,485.0,12.502,3.447,2440.0,3.719,109678.0
2017,4,Salta,81.0,50.0,127.0,158.0,1.0,133.0,636.0,4.275,73284.0,32.842,18.968,3.559,84.0,0.0,133648.0
2017,4,San Juan,54.0,451.0,812.0,2.0,1.0,59.0,22.0,1.062,57525.0,9.0,0.0,2.0,2.0,0.0,58622.0
2017,4,San Luis,11.0,1.0,335.0,17.0,2.0,15.0,59.0,101.0,12822.0,8.0,0.0,1.0,7.0,1.902,14900.0
2017,4,Santa Cruz,19.0,2.0,582.0,5.0,4.0,29.0,68.0,78.0,29073.0,655.0,100.0,1.0,3.0,0.0,29978.0
2017,4,Santa Fe,342.0,294.0,11.0,11.0,15.0,672.0,3.109,34.132,309998.0,108.939,151.329,30.736,19602.0,14.119,671964.0
2017,4,Santiago Del Estero,27.0,40.0,19.0,1.0,80.0,69.0,41.0,3.091,43544.0,18.773,3.359,32.0,2.0,0.0,68842.0
2017,4,Tierra Del Fuego,19.0,7.0,530.0,1.0,2.0,29.0,6.0,310.0,31334.0,2.0,0.0,0.0,0.0,0.0,31652.0
2017,4,Tucumán,157.0,5.0,105.0,102.0,319.0,162.0,105.0,8.164,78750.0,45.241,24.318,1.303,4367.0,0.0,162248.0
2017,3,Buenos Aires,1.0,2.0,125.0,35.0,39.0,3.0,6.577,51.411,1733479.0,311.652,676.137,140.812,108400.0,0.0,3028468.0
2017,3,Capital Federal,583.0,941.0,33.0,3.0,10.0,2.0,283.0,33.924,590689.0,311.411,426.3,120.675,91917.0,0.0,1575199.0
2017,3,Catamarca,27.0,4.0,12.0,1.0,2.0,33.0,52.0,3.204,15383.0,5.758,2.563,50.0,1.0,0.0,27011.0
2017,3,Chaco,55.0,37.0,456.0,36.0,1.0,94.0,95.0,3.496,40059.0,23.008,20.307,3.827,2004.0,0.0,92796.0
2017,3,Chubut,56.0,6.0,1.0,14.0,7.0,84.0,436.0,3.989,71843.0,2.336,3.0,0.0,0.0,0.0,78607.0
2017,3,Córdoba,345.0,319.0,11.0,7.0,15.0,697.0,327.0,26.154,309161.0,100.113,189.302,38.131,16741.0,0.0,679929.0
2017,3,Corrientes,56.0,34.0,947.0,1.0,27.0,93.0,24.0,5.629,44305.0,22.785,15.576,2.635,1607.0,0.0,92561.0
2017,3,Entre Ríos,108.0,70.0,2.0,6.0,63.0,185.0,1.691,7.545,98032.0,42.947,29.011,3.878,2397.0,0.0,185501.0
2017,3,Formosa,23.0,7.0,428.0,2.0,12.0,32.0,1.063,3.716,13752.0,5.187,6.056,899.0,459.0,0.0,31132.0
2017,3,Jujuy,34.0,9.0,20.0,23.0,8.0,43.0,337.0,5.723,26835.0,7.369,2.962,41.0,2.0,0.0,43269.0
2017,3,La Pampa,11.0,50.0,5.0,12.0,2.0,80.0,343.0,8.244,64794.0,855.0,588.0,327.0,51.0,0.0,75202.0
2017,3,La Rioja,17.0,35.0,14.0,252.0,25.0,52.0,16.0,1.497,40882.0,3.899,5.604,23.0,3.0,0.0,51924.0
2017,3,Mendoza,154.0,34.0,3.0,29.0,2.0,192.0,32.0,95.0,158461.0,115.0,67.0,29.0,19.0,0.0,158818.0
2017,3,Misiones,56.0,44.0,110.0,5.0,9.0,100.0,1.058,4.123,42900.0,22.808,23.913,3.843,1881.0,0.0,100526.0
2017,3,Neuquén,48.0,52.0,1.0,12.0,3.0,116.0,2.036,1.457,72532.0,1.034,20.213,7.067,4937.0,0.0,109276.0
2017,3,Río Negro,69.0,30.0,1.0,3.0,4.0,107.0,422.0,5.641,83900.0,306.0,10.116,2.965,1659.0,0.0,105009.0
2017,3,Salta,81.0,50.0,127.0,158.0,1.0,133.0,645.0,4.494,78830.0,32.433,14.62,2.315,63.0,0.0,133400.0
2017,3,San Juan,54.0,5.0,816.0,1.0,1.0,62.0,31.0,1.077,57582.0,1.0,0.0,2.0,2.0,0.0,58695.0
2017,3,San Luis,11.0,8.0,347.0,26.0,2.0,22.0,63.0,3.0,12325.0,7.0,0.0,1.0,7.0,0.0,12406.0
2017,3,Santa Cruz,19.0,5.0,2.0,5.0,3.0,34.0,188.0,23.0,29102.0,542.0,66.0,33.0,1.0,0.0,29955.0
2017,3,Santa Fe,323.0,291.0,6.0,5.0,37.0,662.0,3.116,34.019,320017.0,104.453,125.339,24.536,12982.0,0.0,624462.0
2017,3,Santiago Del Estero,28.0,54.0,19.0,911.0,35.0,83.0,69.0,3.288,40435.0,18.489,3.047,30.0,2.0,0.0,65360.0
2017,3,Tierra Del Fuego,22.0,7.0,622.0,1.0,2.0,31.0,9.0,297.0,33858.0,0.0,0.0,0.0,0.0,0.0,34164.0
2017,3,Tucumán,154.0,6.0,106.0,40.0,305.0,161.0,109.0,8.948,83070.0,45.302,20.514,1.361,655.0,0.0,159959.0
2017,2,Buenos Aires,1.0,2.0,119.0,22.0,24.0,3.0,7.548,47.472,1910156.0,299.009,573.298,93.059,46178.0,0.0,2976720.0
2017,2,Capital Federal,615.0,932.0,39.0,3.0,11.0,2.0,556.0,35.663,726223.0,304.97,378.571,80.234,37977.0,0.0,1564194.0
2017,2,Catamarca,26.0,255.0,14.0,1.0,34.0,27.0,15.0,3.318,15655.0,5.325,2.342,47.0,1.0,0.0,26703.0
2017,2,Chaco,54.0,36.0,458.0,52.0,39.0,91.0,191.0,3.733,42590.0,22.349,18.044,3.157,545.0,0.0,90609.0
2017,2,Chubut,44.0,1.0,916.0,13.0,5.0,64.0,403.0,4.186,73760.0,1.88,0.0,0.0,0.0,0.0,80229.0
2017,2,Córdoba,342.0,303.0,4.0,6.0,2.0,658.0,251.0,26.862,370865.0,88.479,146.683,20.351,5069.0,0.0,658560.0
2017,2,Corrientes,55.0,33.0,258.0,1.0,31.0,90.0,15.0,5.912,46483.0,21.776,13.043,2.218,647.0,0.0,90094.0
2017,2,Entre Ríos,108.0,68.0,254.0,6.0,71.0,183.0,1.68,7.944,104422.0,41.8,23.524,2.604,823.0,0.0,182797.0
2017,2,Formosa,22.0,6.0,17.0,1.0,13.0,30.0,1.486,3.419,14787.0,4.795,4.583,749.0,139.0,0.0,29958.0
2017,2,Jujuy,34.0,9.0,22.0,0.0,35.0,43.0,311.0,5.877,26915.0,6.974,2.538,42.0,1.0,0.0,42658.0
2017,2,La Pampa,13.0,48.0,5.0,6.0,511.0,73.0,356.0,8.633,59045.0,558.0,336.0,244.0,21.0,0.0,69193.0
2017,2,La Rioja,16.0,0.0,15.0,2.0,28.0,16.0,9.0,1.554,9304.0,3.599,1.796,24.0,2.0,0.0,16288.0
2017,2,Mendoza,153.0,13.0,3.0,27.0,2.0,171.0,109.0,24.0,177203.0,92.0,50.0,5.0,22.0,0.0,177505.0
2017,2,Misiones,57.0,43.0,103.0,5.0,9.0,100.0,1.011,4.447,47244.0,22.033,21.599,2.892,570.0,0.0,99796.0
2017,2,Neuquén,52.0,50.0,1.0,12.0,3.0,117.0,1.542,1.395,81272.0,849.0,18.051,4.774,1703.0,0.0,109586.0
2017,2,Río Negro,67.0,29.0,961.0,3.0,1.0,102.0,973.0,5.606,88085.0,245.0,7.99,1.921,559.0,0.0,105379.0
2017,2,Salta,80.0,27.0,115.0,158.0,804.0,109.0,594.0,4.719,67576.0,23.185,11.333,1.068,76.0,0.0,108551.0
2017,2,San Juan,49.0,451.0,772.0,1.0,915.0,52.0,15.0,193.0,58588.0,0.0,0.0,0.0,4.0,0.0,58800.0
2017,2,San Luis,11.0,1.0,354.0,26.0,375.0,13.0,8.0,4.0,14014.0,0.0,0.0,1.0,2.0,0.0,14029.0
2017,2,Santa Cruz,15.0,3.0,1.0,5.0,2.0,26.0,188.0,24.0,30913.0,541.0,66.0,33.0,0.0,0.0,31765.0
2017,2,Santa Fe,330.0,228.0,3.0,5.0,1.0,567.0,4.967,38.721,311830.0,92.854,97.563,16.794,4275.0,0.0,567004.0
2017,2,Santiago Del Estero,28.0,4.0,19.0,911.0,29.0,33.0,26.0,3.539,20384.0,6.432,2.802,16.0,0.0,0.0,33199.0
2017,2,Tierra Del Fuego,23.0,7.0,665.0,1.0,2.0,33.0,16.0,285.0,35409.0,0.0,0.0,0.0,0.0,0.0,35710.0
2017,2,Tucumán,149.0,5.0,116.0,14.0,45.0,154.0,96.0,9.236,83342.0,42.536,17.788,1.371,21.0,0.0,154390.0
2017,1,Buenos Aires,2.0,1.0,119.0,21.0,24.0,3.0,6.017,83.918,2057698.0,402.315,523.54,90.937,22299.0,0.0,3186724.0
2017,1,Capital Federal,429.0,918.0,38.0,3.0,11.0,1.0,510.0,1.409,678922.0,218.487,277.195,66.536,19881.0,0.0,1262940.0
2017,1,Catamarca,26.0,248.0,14.0,1.0,34.0,26.0,15.0,3.328,15861.0,4.901,2.161,49.0,0.0,0.0,26315.0
2017,1,Chaco,54.0,34.0,252.0,52.0,39.0,89.0,191.0,3.835,44544.0,21.467,15.671,3.025,314.0,0.0,89047.0
2017,1,Chubut,44.0,999.0,916.0,13.0,5.0,64.0,401.0,4.182,73759.0,1.808,0.0,0.0,0.0,0.0,80150.0
2017,1,Córdoba,336.0,293.0,5.0,6.0,1.0,641.0,50.0,28.732,391556.0,82.011,118.643,19.035,2071.0,0.0,642098.0
2017,1,Corrientes,55.0,32.0,236.0,1.0,31.0,89.0,15.0,6.04,48149.0,20.586,11.468,2.044,303.0,0.0,88605.0
2017,1,Entre Ríos,109.0,65.0,230.0,6.0,71.0,180.0,1.68,8.08,108379.0,39.146,20.562,2.254,317.0,0.0,180418.0
2017,1,Formosa,22.0,6.0,16.0,1.0,13.0,30.0,1.535,3.538,15473.0,4.446,4.058,635.0,22.0,0.0,29707.0
2017,1,Jujuy,34.0,9.0,22.0,0.0,34.0,43.0,330.0,6.213,27824.0,6.486,2.306,44.0,0.0,0.0,43203.0
2017,1,La Pampa,13.0,47.0,5.0,6.0,517.0,72.0,362.0,9.279,57739.0,331.0,192.0,165.0,11.0,0.0,68079.0
2017,1,La Rioja,16.0,0.0,15.0,2.0,28.0,16.0,9.0,1.578,9486.0,3.409,1.718,22.0,2.0,0.0,16224.0
2017,1,Mendoza,153.0,13.0,3.0,27.0,2.0,171.0,106.0,15.0,177201.0,86.0,50.0,5.0,22.0,0.0,177485.0
2017,1,Misiones,57.0,40.0,101.0,5.0,8.0,98.0,1.01,4.665,45950.0,23.847,19.356,2.627,166.0,0.0,97621.0
2017,1,Neuquén,52.0,48.0,1.0,12.0,3.0,115.0,1.547,1.418,83813.0,902.0,15.13,4.223,458.0,0.0,107491.0
2017,1,Río Negro,67.0,29.0,954.0,3.0,1.0,101.0,986.0,5.647,89622.0,246.0,6.738,1.594,200.0,0.0,105033.0
2017,1,Salta,80.0,27.0,114.0,158.0,679.0,108.0,579.0,4.861,70922.0,21.554,9.386,267.0,74.0,0.0,107643.0
2017,1,San Juan,49.0,451.0,772.0,1.0,907.0,52.0,8.0,192.0,58588.0,0.0,0.0,0.0,4.0,0.0,58792.0
2017,1,San Luis,11.0,1.0,354.0,26.0,375.0,13.0,8.0,4.0,14014.0,0.0,0.0,1.0,2.0,0.0,14029.0
2017,1,Santa Cruz,16.0,3.0,1.0,5.0,2.0,26.0,190.0,23.0,31078.0,474.0,68.0,30.0,0.0,0.0,31863.0
2017,1,Santa Fe,327.0,226.0,3.0,5.0,1.0,563.0,4.966,39.463,340418.0,77.152,83.008,15.775,1831.0,0.0,562613.0
2017,1,Santiago Del Estero,30.0,4.0,19.0,911.0,29.0,34.0,26.0,3.772,21659.0,6.218,2.786,17.0,0.0,0.0,34478.0
2017,1,Tierra Del Fuego,23.0,7.0,665.0,1.0,2.0,33.0,16.0,285.0,35409.0,0.0,0.0,0.0,0.0,0.0,35710.0
2017,1,Tucumán,147.0,5.0,116.0,14.0,45.0,153.0,96.0,9.682,86470.0,39.155,15.951,1.383,13.0,0.0,152750.0
2016,4,Buenos Aires,2.0,1.0,119.0,21.0,24.0,3.0,6.055,86.281,2085605.0,403.575,467.398,72.348,17279.0,0.0,3138541.0
2016,4,Capital Federal,435.0,915.0,38.0,3.0,11.0,1.0,517.0,1.477,704324.0,225.723,264.582,53.506,16756.0,0.0,1266885.0
2016,4,Catamarca,27.0,250.0,14.0,1.0,34.0,27.0,15.0,3.478,16519.0,4.889,2.077,54.0,0.0,0.0,27032.0
2016,4,Chaco,55.0,34.0,248.0,52.0,39.0,89.0,191.0,3.983,45634.0,21.323,14.887,2.586,250.0,0.0,88854.0
2016,4,Chubut,44.0,955.0,916.0,13.0,5.0,64.0,401.0,4.493,73951.0,1.352,0.0,0.0,0.0,0.0,80197.0
2016,4,Córdoba,337.0,289.0,3.0,6.0,789.0,637.0,50.0,29.38,404645.0,77.966,108.368,15.458,1606.0,0.0,637473.0
2016,4,Corrientes,55.0,31.0,233.0,1.0,31.0,88.0,15.0,6.109,48995.0,20.187,10.908,1.645,234.0,0.0,88093.0
2016,4,Entre Ríos,109.0,64.0,226.0,6.0,71.0,180.0,1.68,8.253,110296.0,38.491,19.509,1.801,280.0,0.0,180310.0
2016,4,Formosa,22.0,6.0,16.0,1.0,13.0,30.0,1.573,3.519,15791.0,4.114,3.855,649.0,17.0,0.0,29518.0
2016,4,Jujuy,34.0,9.0,22.0,0.0,34.0,43.0,303.0,6.225,27778.0,6.143,2.134,43.0,0.0,0.0,42626.0
2016,4,La Pampa,13.0,47.0,5.0,6.0,522.0,72.0,368.0,9.789,56694.0,16.0,335.0,132.0,11.0,0.0,67345.0
2016,4,La Rioja,16.0,0.0,16.0,2.0,28.0,16.0,9.0,1.646,9635.0,3.334,1.675,13.0,3.0,0.0,16315.0
2016,4,Mendoza,153.0,13.0,3.0,27.0,2.0,171.0,114.0,16.0,177194.0,79.0,49.0,5.0,20.0,0.0,177477.0
2016,4,Misiones,58.0,39.0,100.0,5.0,8.0,97.0,1.01,4.783,47454.0,23.433,18.371,2.215,126.0,0.0,97392.0
2016,4,Neuquén,52.0,46.0,1.0,12.0,3.0,114.0,1.539,1.406,84859.0,792.0,14.153,3.073,271.0,0.0,106093.0
2016,4,Río Negro,67.0,28.0,954.0,3.0,1.0,101.0,998.0,2.953,92967.0,248.0,6.317,1.174,122.0,0.0,104779.0
2016,4,Salta,79.0,27.0,110.0,158.0,621.0,107.0,577.0,5.027,71636.0,20.787,8.611,239.0,70.0,0.0,106947.0
2016,4,San Juan,49.0,451.0,772.0,1.0,907.0,52.0,8.0,220.0,58608.0,0.0,0.0,0.0,4.0,0.0,58840.0
2016,4,San Luis,11.0,1.0,354.0,26.0,375.0,13.0,8.0,4.0,14014.0,0.0,0.0,1.0,2.0,0.0,14029.0
2016,4,Santa Cruz,16.0,3.0,1.0,5.0,2.0,26.0,189.0,23.0,31369.0,342.0,80.0,10.0,0.0,0.0,32013.0
2016,4,Santa Fe,327.0,226.0,3.0,5.0,1.0,562.0,4.966,40.102,349722.0,74.401,77.667,13.155,1529.0,0.0,561542.0
2016,4,Santiago Del Estero,30.0,4.0,19.0,911.0,29.0,35.0,26.0,3.925,22246.0,6.178,2.664,15.0,0.0,0.0,35054.0
2016,4,Tierra Del Fuego,23.0,7.0,665.0,1.0,2.0,33.0,16.0,285.0,35409.0,0.0,0.0,0.0,0.0,0.0,35710.0
2016,4,Tucumán,147.0,4.0,116.0,14.0,45.0,152.0,96.0,10.021,87994.0,37.721,14.389,1.4,10.0,0.0,151631.0
2016,3,Buenos Aires,2.0,1.0,113.0,19.0,24.0,3.0,5.856,107.945,2148475.0,393.53,399.116,52.9,13318.0,0.0,3121140.0
2016,3,Capital Federal,448.0,905.0,37.0,3.0,11.0,1.0,331.0,995.0,759028.0,208.249,240.856,38.341,13886.0,0.0,1261686.0
2016,3,Catamarca,27.0,248.0,14.0,1.0,18.0,27.0,15.0,4.038,16183.0,4.845,1.853,50.0,0.0,0.0,26984.0
2016,3,Chaco,56.0,33.0,232.0,2.0,15.0,89.0,190.0,5.227,46821.0,21.193,13.746,2.022,217.0,0.0,89416.0
2016,3,Chubut,44.0,935.0,916.0,13.0,5.0,64.0,466.0,5.19,74375.0,674.0,0.0,0.0,0.0,0.0,80705.0
2016,3,Córdoba,348.0,285.0,3.0,6.0,395.0,643.0,48.0,41.329,415075.0,75.988,99.225,11.691,1322.0,0.0,644678.0
2016,3,Corrientes,56.0,31.0,217.0,1.0,22.0,88.0,15.0,7.425,49471.0,19.956,10.006,1.263,210.0,0.0,88346.0
2016,3,Entre Ríos,113.0,62.0,206.0,6.0,64.0,181.0,1.768,10.657,110844.0,38.665,17.737,1.307,248.0,0.0,181226.0
2016,3,Formosa,22.0,6.0,9.0,0.0,2.0,28.0,1.723,4.277,15581.0,3.964,3.658,648.0,10.0,0.0,29861.0
2016,3,Jujuy,34.0,8.0,22.0,0.0,30.0,43.0,286.0,6.878,27425.0,5.943,1.978,31.0,0.0,0.0,42541.0
2016,3,La Pampa,13.0,46.0,5.0,6.0,515.0,70.0,374.0,10.187,55792.0,15.0,224.0,114.0,11.0,0.0,66717.0
2016,3,La Rioja,17.0,0.0,15.0,2.0,22.0,17.0,9.0,2.349,9686.0,3.316,1.562,11.0,2.0,0.0,16935.0
2016,3,Mendoza,153.0,13.0,3.0,28.0,2.0,171.0,37.0,10.0,178186.0,73.0,48.0,5.0,17.0,0.0,178376.0
2016,3,Misiones,60.0,38.0,79.0,5.0,7.0,98.0,1.01,6.03,48871.0,23.394,17.043,1.559,91.0,0.0,97998.0
2016,3,Neuquén,52.0,45.0,1.0,12.0,3.0,113.0,1.531,1.527,87404.0,680.0,12.541,2.118,225.0,0.0,106026.0
2016,3,Río Negro,67.0,28.0,942.0,3.0,1.0,101.0,1.007,6.026,90689.0,207.0,5.953,790.0,99.0,0.0,104771.0
2016,3,Salta,81.0,26.0,90.0,157.0,565.0,108.0,1.107,6.922,71214.0,20.229,8.099,197.0,50.0,0.0,107818.0
2016,3,San Juan,49.0,451.0,770.0,1.0,903.0,52.0,8.0,245.0,58577.0,0.0,0.0,0.0,2.0,0.0,58832.0
2016,3,San Luis,11.0,1.0,354.0,23.0,371.0,13.0,7.0,4.0,14077.0,0.0,0.0,1.0,2.0,0.0,14091.0
2016,3,Santa Cruz,16.0,3.0,817.0,5.0,2.0,26.0,189.0,22.0,31904.0,221.0,52.0,9.0,0.0,0.0,32397.0
2016,3,Santa Fe,335.0,223.0,3.0,5.0,1.0,567.0,3.958,49.501,360606.0,72.657,69.864,10.21,1308.0,0.0,568104.0
2016,3,Santiago Del Estero,32.0,4.0,19.0,3.0,8.0,36.0,26.0,5.097,22747.0,6.216,2.497,9.0,0.0,0.0,36592.0
2016,3,Tierra Del Fuego,23.0,6.0,665.0,1.0,2.0,32.0,16.0,285.0,35080.0,0.0,0.0,0.0,0.0,0.0,35381.0
2016,3,Tucumán,147.0,4.0,116.0,53.0,41.0,151.0,127.0,12.247,87970.0,36.518,13.15,1.288,4.0,0.0,151304.0
2016,2,Buenos Aires,2.0,1.0,113.0,21.0,26.0,3.0,10.786,133.385,2250898.0,335.296,334.723,31.494,11933.0,0.0,3108515.0
2016,2,Capital Federal,451.0,892.0,37.0,2.0,13.0,1.0,4.352,1.736,859039.0,146.091,213.01,19.597,13477.0,0.0,1257302.0
2016,2,Catamarca,26.0,245.0,14.0,1.0,34.0,27.0,15.0,5.736,14742.0,4.567,1.496,47.0,1.0,0.0,26604.0
2016,2,Chaco,56.0,32.0,221.0,52.0,41.0,88.0,197.0,8.063,45823.0,20.346,12.09,1.571,201.0,0.0,88291.0
2016,2,Chubut,44.0,867.0,916.0,13.0,5.0,64.0,572.0,5.421,73078.0,775.0,0.0,0.0,0.0,0.0,79846.0
2016,2,Córdoba,349.0,278.0,2.0,6.0,1.0,635.0,258.0,57.05,437547.0,71.98,82.618,8.355,1242.0,0.0,659050.0
2016,2,Corrientes,56.0,30.0,203.0,1.0,43.0,87.0,41.0,10.018,47916.0,19.2,8.851,803.0,191.0,0.0,87020.0
2016,2,Entre Ríos,113.0,59.0,169.0,6.0,193.0,178.0,4.734,16.368,115000.0,36.917,15.522,849.0,205.0,0.0,189595.0
2016,2,Formosa,22.0,6.0,6.0,1.0,14.0,29.0,1.675,5.401,14370.0,3.569,3.218,593.0,10.0,0.0,28836.0
2016,2,Jujuy,34.0,7.0,22.0,0.0,35.0,41.0,2.561,8.292,25301.0,5.589,1.75,3.0,0.0,0.0,43496.0
2016,2,La Pampa,13.0,45.0,5.0,6.0,547.0,69.0,429.0,10.616,63928.0,15.0,119.0,96.0,11.0,0.0,75214.0
2016,2,La Rioja,17.0,0.0,15.0,2.0,28.0,17.0,10.0,3.151,9043.0,3.19,1.344,3.0,5.0,0.0,16746.0
2016,2,Mendoza,153.0,13.0,3.0,29.0,2.0,171.0,437.0,30.0,176922.0,61.0,44.0,5.0,20.0,0.0,177519.0
2016,2,Misiones,60.0,36.0,77.0,5.0,15.0,96.0,1.973,7.899,49586.0,21.385,14.82,1.073,96.0,0.0,96832.0
2016,2,Neuquén,52.0,42.0,1.0,12.0,3.0,111.0,1.916,1.691,88854.0,583.0,10.241,1.285,208.0,0.0,104778.0
2016,2,Río Negro,67.0,28.0,939.0,3.0,1.0,101.0,1.189,6.107,92158.0,194.0,4.877,520.0,86.0,0.0,105131.0
2016,2,Salta,79.0,25.0,85.0,151.0,539.0,105.0,2.16,10.123,70875.0,18.759,7.129,140.0,49.0,0.0,109235.0
2016,2,San Juan,49.0,451.0,770.0,1.0,908.0,52.0,10.0,273.0,57589.0,0.0,0.0,0.0,4.0,0.0,57876.0
2016,2,San Luis,11.0,1.0,354.0,30.0,377.0,13.0,12.0,4.0,13931.0,0.0,0.0,1.0,2.0,0.0,13950.0
2016,2,Santa Cruz,15.0,3.0,396.0,5.0,3.0,26.0,244.0,26.0,31995.0,142.0,20.0,0.0,0.0,0.0,32427.0
2016,2,Santa Fe,336.0,219.0,3.0,5.0,1.0,564.0,9.486,67.325,374960.0,68.505,60.469,6.509,1277.0,0.0,588531.0
2016,2,Santiago Del Estero,32.0,4.0,19.0,911.0,30.0,37.0,704.0,6.705,22208.0,5.943,2.108,1.0,0.0,0.0,37669.0
2016,2,Tierra Del Fuego,23.0,6.0,665.0,1.0,2.0,31.0,16.0,286.0,38773.0,0.0,0.0,0.0,0.0,0.0,39075.0
2016,2,Tucumán,145.0,3.0,116.0,58.0,49.0,149.0,231.0,18.515,83945.0,33.891,11.31,1.032,2.0,0.0,148926.0
2016,1,Buenos Aires,2.0,1.0,111.0,21.0,26.0,3.0,7.351,97.88,2214760.0,289.929,247.372,8.315,9529.0,0.0,2875136.0
2016,1,Capital Federal,454.0,832.0,36.0,2.0,13.0,1.0,2.31,43.686,869048.0,178.665,192.644,6.577,10838.0,0.0,1303768.0
2016,1,Catamarca,26.0,243.0,15.0,1.0,34.0,26.0,15.0,6.102,14653.0,4.241,1.334,42.0,1.0,0.0,26388.0
2016,1,Chaco,56.0,30.0,211.0,52.0,41.0,87.0,194.0,8.755,46304.0,19.388,10.587,1.238,184.0,0.0,86650.0
2016,1,Chubut,44.0,834.0,916.0,13.0,5.0,64.0,94.0,5.095,72396.0,1.066,0.0,0.0,0.0,0.0,78651.0
2016,1,Córdoba,351.0,252.0,674.0,6.0,386.0,610.0,148.0,59.484,414452.0,65.763,66.455,4.143,1039.0,0.0,611484.0
2016,1,Corrientes,55.0,28.0,192.0,1.0,45.0,86.0,29.0,10.69,47833.0,18.375,7.911,526.0,170.0,0.0,85534.0
2016,1,Entre Ríos,113.0,55.0,146.0,6.0,193.0,175.0,2.864,17.749,104137.0,35.104,14.057,457.0,165.0,0.0,174533.0
2016,1,Formosa,22.0,5.0,5.0,1.0,14.0,28.0,1.738,5.731,14163.0,3.229,2.906,544.0,5.0,0.0,28316.0
2016,1,Jujuy,33.0,7.0,22.0,0.0,35.0,40.0,2.543,8.558,22383.0,5.188,1.623,0.0,0.0,0.0,40295.0
2016,1,La Pampa,13.0,42.0,5.0,6.0,549.0,66.0,426.0,11.065,52117.0,15.0,78.0,71.0,11.0,0.0,63783.0
2016,1,La Rioja,17.0,0.0,16.0,2.0,28.0,17.0,10.0,3.382,9060.0,2.98,1.254,2.0,3.0,0.0,16691.0
2016,1,Mendoza,153.0,13.0,3.0,34.0,2.0,171.0,235.0,21.0,175376.0,47.0,43.0,5.0,17.0,0.0,175744.0
2016,1,Misiones,60.0,33.0,70.0,5.0,15.0,93.0,959.0,8.502,50061.0,19.195,13.363,779.0,68.0,0.0,92927.0
2016,1,Neuquén,52.0,36.0,1.0,13.0,3.0,104.0,1.72,1.737,86310.0,479.0,7.893,143.0,171.0,0.0,98453.0
2016,1,Río Negro,67.0,27.0,937.0,3.0,1.0,100.0,1.171,6.105,90038.0,203.0,4.246,77.0,81.0,0.0,101921.0
2016,1,Salta,79.0,23.0,73.0,132.0,507.0,102.0,1.119,10.765,65646.0,17.748,6.643,119.0,31.0,0.0,102071.0
2016,1,San Juan,49.0,451.0,770.0,1.0,908.0,52.0,9.0,309.0,56447.0,0.0,0.0,0.0,2.0,0.0,56767.0
2016,1,San Luis,11.0,1.0,354.0,27.0,377.0,13.0,8.0,4.0,13645.0,0.0,0.0,1.0,2.0,0.0,13660.0
2016,1,Santa Cruz,16.0,3.0,396.0,5.0,2.0,26.0,168.0,29.0,32188.0,8.0,0.0,0.0,0.0,0.0,32393.0
2016,1,Santa Fe,338.0,205.0,3.0,5.0,1.0,552.0,6.492,71.565,353525.0,64.117,51.293,3.754,1063.0,0.0,551809.0
2016,1,Santiago Del Estero,33.0,4.0,19.0,911.0,30.0,38.0,703.0,7.219,22805.0,5.769,1.898,0.0,0.0,0.0,38394.0
2016,1,Tierra Del Fuego,23.0,5.0,665.0,1.0,2.0,30.0,16.0,285.0,33003.0,0.0,0.0,0.0,0.0,0.0,33304.0
2016,1,Tucumán,144.0,2.0,116.0,74.0,49.0,147.0,106.0,20.092,84008.0,31.49,10.046,871.0,0.0,0.0,146613.0
2015,4,Buenos Aires,2.0,1.0,103.0,20.0,26.0,3.0,7.985,100.303,2253197.0,274.56,240.188,3.835,8180.0,0.0,2888246.0
2015,4,Capital Federal,455.0,880.0,20.0,2.0,13.0,1.0,2.417,46.568,916813.0,172.029,198.635,3.087,10899.0,0.0,1350450.0
2015,4,Catamarca,26.0,242.0,15.0,1.0,34.0,26.0,15.0,6.513,14484.0,4.106,1.313,39.0,1.0,0.0,26471.0
2015,4,Chaco,57.0,29.0,186.0,52.0,41.0,87.0,194.0,9.593,46771.0,18.608,10.092,1.136,159.0,0.0,86553.0
2015,4,Chubut,44.0,811.0,916.0,14.0,5.0,64.0,625.0,5.774,71881.0,168.0,0.0,0.0,0.0,0.0,78448.0
2015,4,Córdoba,354.0,266.0,480.0,6.0,385.0,626.0,148.0,63.746,427471.0,62.989,67.151,3.336,1088.0,0.0,625929.0
2015,4,Corrientes,56.0,28.0,177.0,1.0,45.0,85.0,29.0,11.248,48104.0,17.877,7.569,456.0,150.0,0.0,85433.0
2015,4,Entre Ríos,114.0,53.0,122.0,6.0,194.0,174.0,2.865,18.883,104224.0,33.989,13.668,399.0,163.0,0.0,174191.0
2015,4,Formosa,22.0,5.0,4.0,1.0,14.0,28.0,1.791,6.081,14279.0,2.704,2.713,519.0,4.0,0.0,28091.0
2015,4,Jujuy,33.0,7.0,22.0,0.0,35.0,40.0,2.551,8.876,21867.0,5.044,1.587,0.0,0.0,0.0,39925.0
2015,4,La Pampa,13.0,43.0,4.0,6.0,374.0,66.0,592.0,12.951,48798.0,16.0,63.0,49.0,10.0,0.0,62479.0
2015,4,La Rioja,17.0,0.0,16.0,2.0,28.0,17.0,10.0,3.638,9127.0,2.937,1.215,2.0,3.0,0.0,16932.0
2015,4,Mendoza,153.0,13.0,3.0,38.0,2.0,171.0,241.0,23.0,174719.0,38.0,41.0,5.0,13.0,0.0,175080.0
2015,4,Misiones,60.0,33.0,48.0,5.0,15.0,93.0,959.0,9.169,51029.0,17.281,13.69,675.0,52.0,0.0,92855.0
2015,4,Neuquén,52.0,39.0,1.0,13.0,3.0,107.0,1.727,2.061,89678.0,455.0,7.934,9.0,175.0,0.0,102039.0
2015,4,Río Negro,67.0,27.0,915.0,3.0,1.0,100.0,3.282,4.473,89062.0,201.0,4.024,5.0,75.0,0.0,101122.0
2015,4,Salta,79.0,22.0,47.0,129.0,554.0,102.0,1.122,11.387,65677.0,17.139,6.507,99.0,5.0,0.0,101936.0
2015,4,San Juan,49.0,451.0,770.0,1.0,908.0,52.0,9.0,386.0,55761.0,0.0,0.0,0.0,2.0,0.0,56158.0
2015,4,San Luis,11.0,1.0,354.0,30.0,377.0,13.0,8.0,4.0,13473.0,0.0,0.0,1.0,2.0,0.0,13488.0
2015,4,Santa Cruz,16.0,3.0,396.0,5.0,2.0,26.0,188.0,26.0,32338.0,3.0,0.0,0.0,0.0,0.0,32555.0
2015,4,Santa Fe,340.0,213.0,3.0,5.0,1.0,562.0,6.659,75.77,361264.0,60.985,51.258,3.079,1189.0,0.0,560204.0
2015,4,Santiago Del Estero,34.0,4.0,19.0,1.0,30.0,39.0,703.0,7.836,23074.0,5.669,1.856,0.0,0.0,0.0,39138.0
2015,4,Tierra Del Fuego,23.0,4.0,665.0,1.0,2.0,30.0,16.0,285.0,32662.0,0.0,0.0,0.0,0.0,0.0,32963.0
2015,4,Tucumán,144.0,2.0,116.0,88.0,50.0,146.0,107.0,21.8,83887.0,29.942,9.507,837.0,0.0,0.0,146080.0
2015,3,Buenos Aires,2.0,1.0,114.0,20.0,26.0,3.0,8.361,107.351,2266948.0,262.564,200.491,2.642,7720.0,0.0,2856078.0
2015,3,Capital Federal,455.0,871.0,31.0,2.0,13.0,1.0,2.448,49.34,942525.0,159.618,175.594,2.028,10022.0,0.0,1341574.0
2015,3,Catamarca,26.0,242.0,15.0,1.0,34.0,26.0,15.0,6.871,14206.0,4.143,812.0,43.0,1.0,0.0,26091.0
2015,3,Chaco,56.0,29.0,186.0,52.0,41.0,85.0,240.0,10.353,47131.0,19.016,7.498,979.0,157.0,0.0,85374.0
2015,3,Chubut,44.0,792.0,916.0,13.0,5.0,64.0,641.0,5.886,71668.0,167.0,0.0,0.0,0.0,0.0,78362.0
2015,3,Córdoba,352.0,264.0,1.0,5.0,389.0,623.0,150.0,68.765,429787.0,61.109,59.372,2.582,1048.0,0.0,622813.0
2015,3,Corrientes,56.0,28.0,176.0,1.0,47.0,85.0,33.0,11.921,48127.0,18.168,6.111,453.0,146.0,0.0,84959.0
2015,3,Entre Ríos,114.0,52.0,122.0,6.0,197.0,172.0,2.863,20.385,103990.0,34.788,9.924,384.0,153.0,0.0,172487.0
2015,3,Formosa,22.0,5.0,2.0,899.0,14.0,28.0,1.862,6.521,14354.0,2.791,1.842,379.0,2.0,0.0,27751.0
2015,3,Jujuy,33.0,7.0,22.0,0.0,35.0,40.0,2.549,9.278,21588.0,5.169,966.0,0.0,0.0,0.0,39550.0
2015,3,La Pampa,13.0,42.0,4.0,6.0,557.0,65.0,613.0,13.087,47660.0,9.0,55.0,39.0,10.0,0.0,61473.0
2015,3,La Rioja,17.0,0.0,16.0,2.0,28.0,17.0,10.0,3.84,9102.0,2.984,832.0,0.0,3.0,0.0,16771.0
2015,3,Mendoza,153.0,13.0,3.0,42.0,2.0,171.0,256.0,25.0,173430.0,45.0,18.0,5.0,13.0,0.0,173792.0
2015,3,Misiones,60.0,32.0,46.0,5.0,15.0,92.0,958.0,9.809,51234.0,17.367,11.654,559.0,43.0,0.0,91624.0
2015,3,Neuquén,47.0,37.0,1.0,13.0,3.0,101.0,1.733,2.124,85044.0,210.0,6.599,2.0,155.0,0.0,95867.0
2015,3,Río Negro,67.0,27.0,917.0,3.0,1.0,100.0,3.372,4.457,88691.0,99.0,3.826,1.0,62.0,0.0,100508.0
2015,3,Salta,78.0,22.0,47.0,129.0,645.0,101.0,1.126,12.223,65405.0,17.451,4.318,61.0,5.0,0.0,100589.0
2015,3,San Juan,49.0,451.0,770.0,1.0,908.0,52.0,9.0,391.0,54963.0,0.0,0.0,0.0,2.0,0.0,55365.0
2015,3,San Luis,11.0,1.0,354.0,31.0,377.0,13.0,9.0,4.0,13286.0,0.0,0.0,1.0,2.0,0.0,13302.0
2015,3,Santa Cruz,16.0,3.0,396.0,5.0,2.0,26.0,190.0,25.0,32266.0,2.0,0.0,0.0,0.0,0.0,32483.0
2015,3,Santa Fe,337.0,210.0,4.0,4.0,1.0,557.0,6.767,80.817,363177.0,59.531,42.021,2.32,1133.0,0.0,555766.0
2015,3,Santiago Del Estero,34.0,4.0,19.0,1.0,30.0,39.0,703.0,8.332,23158.0,5.956,1.249,0.0,0.0,0.0,39398.0
2015,3,Tierra Del Fuego,23.0,8.0,665.0,1.0,2.0,34.0,15.0,285.0,36408.0,2.0,0.0,0.0,0.0,0.0,36710.0
2015,3,Tucumán,143.0,1.0,116.0,88.0,50.0,144.0,107.0,23.687,83654.0,29.998,6.232,623.0,0.0,0.0,144301.0
2015,2,Buenos Aires,2.0,1.0,116.0,19.0,26.0,3.0,8.714,137.189,2299705.0,243.503,159.922,2.01,6712.0,0.0,2857754.0
2015,2,Capital Federal,453.0,858.0,20.0,2.0,13.0,1.0,2.493,51.799,990112.0,148.569,142.976,1.482,9258.0,0.0,1346690.0
2015,2,Catamarca,25.0,242.0,15.0,1.0,34.0,26.0,15.0,7.253,14003.0,3.776,593.0,37.0,1.0,0.0,25678.0
2015,2,Chaco,56.0,28.0,179.0,52.0,41.0,84.0,288.0,11.058,47551.0,17.675,6.337,788.0,149.0,0.0,83846.0
2015,2,Chubut,44.0,762.0,916.0,13.0,5.0,63.0,656.0,6.032,55791.0,168.0,0.0,0.0,0.0,0.0,62647.0
2015,2,Córdoba,348.0,256.0,435.0,5.0,386.0,610.0,156.0,72.695,434717.0,54.993,46.415,1.956,903.0,0.0,611835.0
2015,2,Corrientes,55.0,27.0,157.0,1.0,47.0,83.0,34.0,12.542,48015.0,17.184,5.039,379.0,126.0,0.0,83319.0
2015,2,Entre Ríos,113.0,50.0,119.0,6.0,197.0,169.0,2.864,21.986,104043.0,32.293,7.867,354.0,136.0,0.0,169543.0
2015,2,Formosa,21.0,5.0,2.0,737.0,50.0,27.0,1.881,6.907,14247.0,2.436,1.324,257.0,1.0,0.0,27053.0
2015,2,Jujuy,32.0,5.0,22.0,0.0,35.0,38.0,2.479,9.474,20248.0,4.792,730.0,0.0,0.0,0.0,37723.0
2015,2,La Pampa,13.0,41.0,4.0,6.0,562.0,64.0,5.737,8.182,46235.0,27.0,24.0,25.0,10.0,0.0,60240.0
2015,2,La Rioja,16.0,0.0,16.0,2.0,28.0,17.0,10.0,4.082,9093.0,2.68,641.0,0.0,3.0,0.0,16509.0
2015,2,Mendoza,153.0,13.0,3.0,38.0,2.0,171.0,268.0,26.0,170451.0,42.0,16.0,5.0,13.0,0.0,170821.0
2015,2,Misiones,59.0,29.0,37.0,5.0,15.0,89.0,958.0,10.36,51671.0,15.022,10.072,408.0,33.0,0.0,88524.0
2015,2,Neuquén,47.0,34.0,1.0,13.0,3.0,98.0,1.755,2.348,82727.0,214.0,5.168,2.0,110.0,0.0,92324.0
2015,2,Río Negro,67.0,26.0,916.0,3.0,1.0,99.0,3.413,4.525,87362.0,97.0,3.24,1.0,51.0,0.0,98689.0
2015,2,Salta,77.0,20.0,47.0,129.0,580.0,98.0,1.123,13.02,64737.0,16.241,3.114,29.0,5.0,0.0,98269.0
2015,2,San Juan,49.0,451.0,770.0,1.0,908.0,52.0,8.0,410.0,51568.0,0.0,0.0,0.0,2.0,0.0,51988.0
2015,2,San Luis,11.0,1.0,354.0,33.0,377.0,13.0,9.0,4.0,13204.0,0.0,0.0,1.0,2.0,0.0,13220.0
2015,2,Santa Cruz,15.0,3.0,396.0,5.0,2.0,26.0,210.0,25.0,25519.0,2.0,0.0,0.0,0.0,0.0,25756.0
2015,2,Santa Fe,333.0,205.0,3.0,4.0,1.0,546.0,6.827,86.016,364441.0,53.205,33.894,1.856,1014.0,0.0,547253.0
2015,2,Santiago Del Estero,34.0,4.0,19.0,1.0,30.0,39.0,703.0,8.779,23456.0,5.553,888.0,0.0,0.0,0.0,39379.0
2015,2,Tierra Del Fuego,23.0,8.0,665.0,1.0,2.0,34.0,15.0,285.0,36073.0,2.0,0.0,0.0,0.0,0.0,36375.0
2015,2,Tucumán,140.0,479.0,116.0,88.0,50.0,141.0,107.0,25.178,83462.0,26.966,4.502,455.0,0.0,0.0,140670.0
2015,1,Buenos Aires,2.0,1.0,134.0,19.0,29.0,3.0,8.882,123.589,2267852.0,220.07,126.958,1.561,5700.0,0.0,2754612.0
2015,1,Capital Federal,455.0,842.0,19.0,2.0,15.0,1.0,2.545,59.084,1013510.0,134.151,114.569,1.195,8401.0,0.0,1333455.0
2015,1,Catamarca,25.0,241.0,16.0,1.0,41.0,25.0,13.0,7.634,13754.0,3.202,517.0,9.0,1.0,0.0,25130.0
2015,1,Chaco,55.0,26.0,164.0,27.0,56.0,81.0,26.0,12.053,47425.0,15.883,5.346,489.0,135.0,0.0,81357.0
2015,1,Chubut,46.0,717.0,906.0,13.0,5.0,65.0,651.0,6.176,57333.0,102.0,0.0,0.0,0.0,0.0,64262.0
2015,1,Córdoba,344.0,248.0,415.0,5.0,450.0,597.0,157.0,78.427,432802.0,46.574,37.443,1.615,815.0,0.0,597833.0
2015,1,Corrientes,55.0,25.0,129.0,1.0,62.0,82.0,36.0,13.295,47842.0,15.554,4.424,235.0,98.0,0.0,81484.0
2015,1,Entre Ríos,112.0,47.0,108.0,6.0,245.0,166.0,2.867,23.951,104168.0,28.113,6.926,274.0,119.0,0.0,166418.0
2015,1,Formosa,21.0,5.0,1.0,670.0,56.0,27.0,1.891,7.336,14413.0,2.024,878.0,157.0,1.0,0.0,26700.0
2015,1,Jujuy,32.0,5.0,22.0,0.0,36.0,37.0,2.458,9.754,19858.0,3.939,603.0,0.0,0.0,0.0,36612.0
2015,1,La Pampa,13.0,40.0,3.0,6.0,604.0,63.0,6.059,8.054,45038.0,26.0,10.0,13.0,10.0,0.0,59210.0
2015,1,La Rioja,16.0,0.0,16.0,2.0,33.0,16.0,11.0,4.201,9379.0,2.207,533.0,0.0,3.0,0.0,16334.0
2015,1,Mendoza,152.0,13.0,3.0,29.0,2.0,170.0,287.0,24.0,169763.0,38.0,16.0,6.0,11.0,0.0,170145.0
2015,1,Misiones,58.0,27.0,30.0,5.0,13.0,85.0,958.0,11.136,51906.0,12.387,8.543,194.0,26.0,0.0,85150.0
2015,1,Neuquén,48.0,32.0,1.0,12.0,3.0,96.0,1.895,2.577,80787.0,170.0,4.067,2.0,76.0,0.0,89574.0
2015,1,Río Negro,66.0,25.0,907.0,3.0,1.0,97.0,3.371,4.913,86173.0,94.0,2.632,2.0,42.0,0.0,97227.0
2015,1,Salta,76.0,20.0,47.0,129.0,574.0,97.0,1.123,14.151,64992.0,13.955,2.569,15.0,5.0,0.0,96810.0
2015,1,San Juan,48.0,451.0,755.0,1.0,1.0,52.0,8.0,445.0,51346.0,0.0,0.0,0.0,2.0,0.0,51801.0
2015,1,San Luis,11.0,1.0,351.0,30.0,412.0,13.0,10.0,8.0,12720.0,0.0,1.0,0.0,2.0,0.0,12741.0
2015,1,Santa Cruz,16.0,3.0,392.0,5.0,3.0,27.0,205.0,27.0,26048.0,2.0,0.0,0.0,0.0,0.0,26282.0
2015,1,Santa Fe,329.0,199.0,3.0,4.0,2.0,536.0,6.883,93.096,360964.0,45.27,27.597,1.542,900.0,0.0,536252.0
2015,1,Santiago Del Estero,34.0,4.0,19.0,1.0,35.0,39.0,701.0,9.236,23136.0,4.796,748.0,0.0,0.0,0.0,38617.0
2015,1,Tierra Del Fuego,22.0,8.0,657.0,1.0,3.0,33.0,14.0,609.0,36319.0,2.0,0.0,0.0,0.0,0.0,36944.0
2015,1,Tucumán,138.0,115.0,116.0,88.0,100.0,138.0,107.0,27.143,83895.0,23.061,3.722,334.0,0.0,0.0,138262.0
2014,4,Buenos Aires,2.0,1.0,121.0,18.0,32.0,3.0,8.226,132.937,2250445.0,203.62,104.322,997.0,5406.0,0.0,2705954.0
2014,4,Capital Federal,456.0,840.0,17.0,2.0,15.0,1.0,2.698,62.896,1038269.0,123.451,95.772,890.0,7997.0,0.0,1331972.0
2014,4,Catamarca,25.0,241.0,16.0,0.0,44.0,25.0,21.0,8.047,14093.0,2.91,421.0,0.0,1.0,0.0,25493.0
2014,4,Chaco,55.0,11.0,31.0,0.0,62.0,66.0,483.0,12.837,42106.0,7.908,2.6,124.0,2.0,0.0,66060.0
2014,4,Chubut,49.0,697.0,891.0,12.0,6.0,69.0,1.858,6.218,60392.0,70.0,0.0,0.0,0.0,0.0,68538.0
2014,4,Córdoba,345.0,240.0,419.0,4.0,486.0,590.0,1.903,85.362,427844.0,41.947,30.858,1.177,782.0,0.0,589873.0
2014,4,Corrientes,55.0,10.0,40.0,1.0,75.0,66.0,40.0,13.86,42182.0,7.513,2.106,0.0,9.0,0.0,65710.0
2014,4,Entre Ríos,112.0,23.0,57.0,5.0,260.0,141.0,2.311,27.801,88649.0,18.318,3.584,1.0,66.0,0.0,140730.0
2014,4,Formosa,21.0,5.0,1.0,0.0,65.0,26.0,1.947,7.83,14058.0,1.852,473.0,47.0,1.0,0.0,26208.0
2014,4,Jujuy,31.0,5.0,22.0,37.0,11.0,36.0,1.88,10.427,19740.0,3.443,465.0,0.0,0.0,0.0,35955.0
2014,4,La Pampa,16.0,34.0,514.0,6.0,648.0,57.0,6.266,6.879,36520.0,26.0,5.0,4.0,10.0,0.0,49710.0
2014,4,La Rioja,16.0,0.0,17.0,0.0,33.0,16.0,9.0,4.333,9728.0,1.943,386.0,0.0,3.0,0.0,16402.0
2014,4,Mendoza,152.0,13.0,3.0,31.0,2.0,170.0,303.0,19.0,169222.0,36.0,14.0,5.0,12.0,0.0,169611.0
2014,4,Misiones,58.0,19.0,16.0,150.0,15.0,77.0,547.0,11.84,53093.0,8.731,2.952,54.0,12.0,0.0,77229.0
2014,4,Neuquén,48.0,32.0,1.0,12.0,3.0,95.0,1.731,2.744,80938.0,126.0,3.621,2.0,66.0,0.0,89228.0
2014,4,Río Negro,66.0,24.0,901.0,4.0,2.0,96.0,3.64,4.723,85094.0,94.0,2.319,4.0,30.0,0.0,95904.0
2014,4,Salta,76.0,17.0,48.0,6.0,578.0,94.0,54.0,16.214,63221.0,12.552,1.922,0.0,4.0,0.0,93967.0
2014,4,San Juan,49.0,451.0,740.0,1.0,1.0,52.0,11.0,478.0,51628.0,0.0,0.0,0.0,2.0,0.0,52119.0
2014,4,San Luis,11.0,926.0,355.0,24.0,423.0,13.0,9.0,0.0,13135.0,0.0,0.0,1.0,2.0,0.0,13147.0
2014,4,Santa Cruz,18.0,448.0,388.0,4.0,3.0,26.0,156.0,1.4,24145.0,1.0,1.0,0.0,0.0,0.0,25703.0
2014,4,Santa Fe,335.0,183.0,3.0,6.0,2.0,529.0,8.707,99.962,359293.0,36.718,21.098,869.0,824.0,0.0,527471.0
2014,4,Santiago Del Estero,34.0,4.0,19.0,920.0,37.0,39.0,1.246,8.913,24181.0,4.359,602.0,0.0,0.0,0.0,39301.0
2014,4,Tierra Del Fuego,22.0,4.0,655.0,1.0,3.0,29.0,12.0,283.0,31489.0,2.0,0.0,0.0,0.0,0.0,31786.0
2014,4,Tucumán,137.0,97.0,116.0,13.0,105.0,137.0,17.0,28.746,85091.0,20.631,2.733,196.0,0.0,0.0,137414.0
2014,3,Buenos Aires,2.0,1.0,124.0,20.0,32.0,3.0,7.355,128.187,2281524.0,156.693,68.947,243.0,4232.0,0.0,2647181.0
2014,3,Capital Federal,450.0,833.0,18.0,2.0,14.0,1.0,840.0,78.016,1060145.0,102.17,70.907,95.0,6626.0,0.0,1318799.0
2014,3,Catamarca,24.0,244.0,15.0,0.0,47.0,25.0,19.0,8.845,13790.0,1.915,111.0,0.0,0.0,0.0,24680.0
2014,3,Chaco,53.0,10.0,29.0,1.0,59.0,64.0,398.0,14.731,41934.0,5.428,1.274,5.0,0.0,0.0,63770.0
2014,3,Chubut,49.0,668.0,882.0,12.0,7.0,69.0,2.013,6.281,60771.0,34.0,0.0,0.0,0.0,0.0,69099.0
2014,3,Córdoba,340.0,240.0,444.0,4.0,377.0,585.0,660.0,98.992,435692.0,28.992,18.888,84.0,664.0,0.0,583972.0
2014,3,Corrientes,53.0,9.0,31.0,1.0,65.0,64.0,21.0,15.448,41717.0,5.181,1.172,0.0,0.0,0.0,63539.0
2014,3,Entre Ríos,109.0,22.0,48.0,5.0,135.0,137.0,1.709,29.71,91450.0,12.569,1.31,0.0,48.0,0.0,136796.0
2014,3,Formosa,21.0,5.0,0.0,0.0,80.0,26.0,2.001,8.323,14202.0,1.324,85.0,0.0,0.0,0.0,25935.0
2014,3,Jujuy,30.0,4.0,22.0,37.0,13.0,34.0,127.0,10.979,20216.0,2.305,82.0,0.0,0.0,0.0,33709.0
2014,3,La Pampa,16.0,34.0,538.0,11.0,677.0,62.0,6.458,6.645,41009.0,24.0,5.0,4.0,10.0,0.0,54155.0
2014,3,La Rioja,16.0,0.0,14.0,1.0,37.0,16.0,10.0,4.785,9720.0,1.337,61.0,0.0,0.0,0.0,15913.0
2014,3,Mendoza,150.0,13.0,3.0,40.0,2.0,168.0,35.0,0.0,167763.0,31.0,12.0,13.0,1.0,0.0,167855.0
2014,3,Misiones,57.0,18.0,4.0,3.0,14.0,75.0,640.0,13.637,53510.0,5.928,1.606,0.0,1.0,0.0,75322.0
2014,3,Neuquén,54.0,31.0,1.0,13.0,3.0,102.0,1.522,3.099,80090.0,107.0,2.865,10.0,27.0,0.0,87720.0
2014,3,Río Negro,65.0,27.0,888.0,4.0,2.0,98.0,3.64,5.189,86868.0,87.0,1.944,8.0,9.0,0.0,97745.0
2014,3,Salta,74.0,18.0,43.0,109.0,580.0,93.0,732.0,17.481,66026.0,8.314,388.0,0.0,0.0,0.0,92941.0
2014,3,San Juan,48.0,451.0,731.0,1.0,1.0,52.0,8.0,487.0,51276.0,0.0,0.0,0.0,0.0,0.0,51771.0
2014,3,San Luis,11.0,925.0,355.0,25.0,438.0,13.0,8.0,0.0,13029.0,0.0,0.0,3.0,0.0,0.0,13040.0
2014,3,Santa Cruz,18.0,492.0,385.0,4.0,3.0,26.0,195.0,1.624,24248.0,1.0,1.0,0.0,0.0,0.0,26069.0
2014,3,Santa Fe,326.0,184.0,4.0,7.0,733.0,521.0,8.23,112.593,357615.0,23.962,12.124,38.0,806.0,0.0,515368.0
2014,3,Santiago Del Estero,33.0,4.0,19.0,768.0,41.0,38.0,791.0,9.914,23826.0,2.867,142.0,0.0,0.0,0.0,37540.0
2014,3,Tierra Del Fuego,22.0,3.0,650.0,1.0,3.0,29.0,12.0,336.0,32348.0,2.0,0.0,0.0,0.0,0.0,32698.0
2014,3,Tucumán,132.0,97.0,117.0,13.0,100.0,132.0,6.0,32.716,84668.0,14.101,559.0,4.0,0.0,0.0,132054.0
2014,2,Buenos Aires,2.0,1.0,120.0,17.0,33.0,3.0,6.902,162.274,2288772.0,140.226,56.549,284.0,4309.0,0.0,2659316.0
2014,2,Capital Federal,448.0,828.0,18.0,2.0,15.0,1.0,847.0,81.431,1078213.0,87.359,56.004,59.0,6427.0,0.0,1310340.0
2014,2,Catamarca,24.0,243.0,17.0,0.0,43.0,25.0,19.0,8.844,13794.0,1.915,111.0,0.0,0.0,0.0,24683.0
2014,2,Chaco,53.0,10.0,30.0,0.0,58.0,63.0,412.0,14.854,41530.0,5.418,1.085,5.0,0.0,0.0,63304.0
2014,2,Chubut,51.0,649.0,866.0,11.0,7.0,71.0,2.064,6.582,61868.0,0.0,0.0,0.0,0.0,0.0,70514.0
2014,2,Córdoba,338.0,235.0,351.0,4.0,374.0,577.0,2.105,101.598,429536.0,28.698,14.824,76.0,627.0,0.0,577464.0
2014,2,Corrientes,53.0,9.0,31.0,1.0,55.0,63.0,20.0,15.563,41219.0,5.199,956.0,0.0,0.0,0.0,62957.0
2014,2,Entre Ríos,109.0,22.0,49.0,5.0,133.0,136.0,2.187,32.781,86757.0,12.564,1.162,0.0,44.0,0.0,135495.0
2014,2,Formosa,21.0,5.0,0.0,0.0,78.0,26.0,2.032,8.218,13944.0,1.321,85.0,0.0,0.0,0.0,25600.0
2014,2,Jujuy,30.0,4.0,23.0,40.0,9.0,34.0,1.873,11.233,18851.0,2.305,82.0,0.0,0.0,0.0,34344.0
2014,2,La Pampa,16.0,33.0,513.0,6.0,689.0,56.0,7.032,6.761,34089.0,18.0,5.0,4.0,10.0,0.0,47919.0
2014,2,La Rioja,16.0,0.0,14.0,0.0,34.0,16.0,10.0,4.785,9719.0,1.337,61.0,0.0,0.0,0.0,15912.0
2014,2,Mendoza,149.0,13.0,2.0,36.0,2.0,167.0,35.0,6.0,166710.0,31.0,10.0,5.0,10.0,0.0,166807.0
2014,2,Misiones,57.0,18.0,4.0,150.0,8.0,75.0,540.0,13.644,53245.0,5.924,1.334,2.0,0.0,0.0,74689.0
2014,2,Neuquén,48.0,30.0,997.0,11.0,3.0,92.0,1.531,3.206,79087.0,92.0,2.289,2.0,30.0,0.0,86237.0
2014,2,Río Negro,65.0,25.0,876.0,4.0,2.0,96.0,3.468,5.507,84978.0,78.0,1.569,2.0,8.0,0.0,95610.0
2014,2,Salta,74.0,18.0,45.0,7.0,577.0,92.0,53.0,18.818,64440.0,8.293,388.0,0.0,0.0,0.0,91992.0
2014,2,San Juan,48.0,451.0,722.0,1.0,1.0,52.0,10.0,507.0,51129.0,0.0,0.0,0.0,0.0,0.0,51646.0
2014,2,San Luis,11.0,925.0,354.0,22.0,448.0,13.0,7.0,0.0,13045.0,0.0,0.0,1.0,2.0,0.0,13055.0
2014,2,Santa Cruz,19.0,448.0,381.0,4.0,3.0,27.0,153.0,1.637,25374.0,2.0,0.0,0.0,0.0,0.0,27166.0
2014,2,Santa Fe,324.0,178.0,3.0,6.0,636.0,512.0,8.515,115.197,353559.0,23.939,10.058,34.0,792.0,0.0,512094.0
2014,2,Santiago Del Estero,33.0,4.0,19.0,907.0,34.0,38.0,1.231,9.914,23842.0,2.867,142.0,0.0,0.0,0.0,37996.0
2014,2,Tierra Del Fuego,22.0,3.0,648.0,1.0,3.0,28.0,12.0,334.0,31198.0,2.0,0.0,0.0,0.0,0.0,31546.0
2014,2,Tucumán,132.0,97.0,121.0,13.0,98.0,132.0,6.0,32.714,84675.0,14.101,559.0,4.0,0.0,0.0,132059.0
2014,1,Buenos Aires,2.0,1.0,121.0,17.0,34.0,3.0,8.469,171.244,2279875.0,121.787,38.923,206.0,4037.0,0.0,2624542.0
2014,1,Capital Federal,446.0,820.0,18.0,2.0,15.0,1.0,852.0,88.826,1096050.0,70.293,38.798,55.0,6208.0,0.0,1301081.0
2014,1,Catamarca,24.0,46.0,17.0,0.0,43.0,24.0,19.0,9.147,13330.0,1.672,64.0,0.0,0.0,0.0,24232.0
2014,1,Chaco,53.0,9.0,30.0,0.0,58.0,63.0,438.0,15.849,40869.0,4.644,741.0,5.0,0.0,0.0,62546.0
2014,1,Chubut,51.0,539.0,866.0,11.0,7.0,70.0,7.452,10.0,61329.0,0.0,0.0,0.0,0.0,0.0,68791.0
2014,1,Córdoba,337.0,226.0,347.0,4.0,368.0,567.0,2.076,107.705,423114.0,24.112,9.818,40.0,588.0,0.0,567453.0
2014,1,Corrientes,53.0,8.0,31.0,1.0,55.0,62.0,20.0,16.357,40742.0,4.486,630.0,0.0,0.0,0.0,62235.0
2014,1,Entre Ríos,108.0,21.0,49.0,5.0,133.0,134.0,2.177,35.206,85248.0,10.828,746.0,0.0,43.0,0.0,134248.0
2014,1,Formosa,21.0,5.0,0.0,0.0,100.0,25.0,2.062,8.475,13685.0,1.133,67.0,0.0,0.0,0.0,25422.0
2014,1,Jujuy,30.0,4.0,23.0,0.0,9.0,34.0,1.832,11.498,18415.0,2.002,56.0,0.0,0.0,0.0,33803.0
2014,1,La Pampa,16.0,31.0,513.0,6.0,701.0,54.0,7.434,6.535,32501.0,17.0,5.0,4.0,10.0,0.0,46506.0
2014,1,La Rioja,16.0,0.0,14.0,0.0,34.0,16.0,10.0,5.111,9390.0,1.165,35.0,0.0,0.0,0.0,15711.0
2014,1,Mendoza,149.0,12.0,2.0,37.0,2.0,166.0,35.0,6.0,166655.0,19.0,10.0,6.0,9.0,0.0,166740.0
2014,1,Misiones,57.0,17.0,4.0,150.0,8.0,74.0,545.0,14.46,52852.0,5.139,958.0,0.0,0.0,0.0,73954.0
2014,1,Neuquén,48.0,28.0,997.0,10.0,3.0,90.0,4.133,987.0,77148.0,84.0,1.582,2.0,22.0,0.0,83958.0
2014,1,Río Negro,65.0,24.0,876.0,4.0,2.0,95.0,4.67,4.618,84304.0,73.0,1.062,1.0,8.0,0.0,94736.0
2014,1,Salta,73.0,18.0,45.0,8.0,568.0,91.0,53.0,19.677,64061.0,7.192,314.0,0.0,0.0,0.0,91297.0
2014,1,San Juan,48.0,434.0,722.0,808.0,1.0,51.0,531.0,2.0,51056.0,0.0,0.0,0.0,0.0,0.0,51589.0
2014,1,San Luis,11.0,428.0,354.0,21.0,448.0,13.0,7.0,3.0,12544.0,0.0,1.0,0.0,2.0,0.0,12557.0
2014,1,Santa Cruz,19.0,100.0,381.0,4.0,3.0,27.0,161.0,1.625,24972.0,1.0,1.0,0.0,0.0,0.0,26760.0
2014,1,Santa Fe,323.0,174.0,3.0,6.0,644.0,507.0,8.456,124.468,345225.0,20.328,6.845,23.0,668.0,0.0,506013.0
2014,1,Santiago Del Estero,33.0,4.0,19.0,915.0,34.0,37.0,1.234,10.531,22817.0,2.422,109.0,0.0,0.0,0.0,37113.0
2014,1,Tierra Del Fuego,22.0,3.0,648.0,1.0,3.0,28.0,12.0,607.0,30902.0,6.0,0.0,0.0,0.0,0.0,31527.0
2014,1,Tucumán,130.0,83.0,121.0,13.0,98.0,130.0,6.0,34.672,83210.0,11.779,362.0,3.0,0.0,0.0,130032.0
